passage_id,text,therapeutic_label,mechanism,secondary_mechanism,intensity,annotator_confidence,annotator_notes,selection_method,target
1,"Frankenstein; or, the Modern Prometheus by Mary Wollstonecraft (Godwin) Shelley CONTENTS Letter 1
 Letter 2
 Letter 3
 Letter 4
 Chapter 1
 Chapter 2
 Chapter 3
 Chapter 4
 Chapter 5
 Chapter 6
 Chapter 7
 Chapter 8
 Chapter 9
 Chapter 10
 Chapter 11
 Chapter 12
 Chapter 13
 Chapter 14
 Chapter 15
 Chapter 16
 Chapter 17
 Chapter 18
 Chapter 19
 Chapter 20
 Chapter 21
 Chapter 22
 Chapter 23
 Chapter 24 Letter 1 _To Mrs. Saville, England._ St. Petersburgh, Dec. 11th, 17—. You will rejoice to hear that no disaster has accompanied the
commencement of an enterprise which you have regarded with such evil
forebodings. I arrived here yesterday, and my first task is to assure
my dear sister of my welfare and increasing confidence in the success
of my undertaking. I am already far north of London, and as I walk in the streets of
Petersburgh, I feel a cold northern breeze play upon my cheeks, which
braces my nerves and fills me with delight. Do you understand this
feeling? This breeze, which has travelled from the regions towards
which I am advancing, gives me a foretaste of those icy climes.
Inspirited by this wind of promise, my daydreams become more fervent
and vivid. I try in vain to be persuaded that the pole is the seat of
frost and desolation; it ever presents itself to my imagination as the
region of beauty and delight. There, Margaret, the sun is for ever
visible, its broad disk just skirting the horizon and diffusing a
perpetual splendour. There—for with your leave, my sister, I will put
some trust in preceding navigators—there snow and frost are banished;
and, sailing over a calm sea, we may be wafted to a land surpassing in
wonders and in beauty every region hitherto discovered on the habitable
globe. Its productions and features may be without example, as the
phenomena of the heavenly bodies undoubtedly are in those undiscovered
solitudes. What may not be expected in a country of eternal light? I
may there discover the wondrous power which attracts the needle and may
regulate a thousand celestial observations that require only this
voyage to render their seeming eccentricities consistent for ever. I
shall satiate my ardent curiosity with the sight of a part of the world
never before visited, and may tread a land never before imprinted by
the foot of man. These are my enticements, and they are sufficient to
conquer all fear of danger or death and to induce me to commence this
laborious voyage with the joy a child feels when he embarks in a little
boat, with his holiday mates, on an expedition of discovery up his
native river. But supposing all these conjectures to be false, you
cannot contest the inestimable benefit which I shall confer on all
mankind, to the last generation, by discovering a passage near the pole
to those countries, to reach which at present so many months are
requisite; or by ascertaining the secret of the magnet, which, if at
all possible, can only be effected by an undertaking such as mine.",0,,,0,sure,Opening letter and table of contents; Walton's excited description of voyage. No therapeutic processing.,targeted,walton_letters
2,"These reflections have dispelled the agitation with which I began my
letter, and I feel my heart glow with an enthusiasm which elevates me
to heaven, for nothing contributes so much to tranquillise the mind as
a steady purpose—a point on which the soul may fix its intellectual
eye. This expedition has been the favourite dream of my early years. I
have read with ardour the accounts of the various voyages which have
been made in the prospect of arriving at the North Pacific Ocean
through the seas which surround the pole. You may remember that a
history of all the voyages made for purposes of discovery composed the
whole of our good Uncle Thomas’ library. My education was neglected,
yet I was passionately fond of reading. These volumes were my study
day and night, and my familiarity with them increased that regret which
I had felt, as a child, on learning that my father’s dying injunction
had forbidden my uncle to allow me to embark in a seafaring life. These visions faded when I perused, for the first time, those poets
whose effusions entranced my soul and lifted it to heaven. I also
became a poet and for one year lived in a paradise of my own creation;
I imagined that I also might obtain a niche in the temple where the
names of Homer and Shakespeare are consecrated. You are well
acquainted with my failure and how heavily I bore the disappointment.
But just at that time I inherited the fortune of my cousin, and my
thoughts were turned into the channel of their earlier bent.",1,Narrative Reconstruction,,2,unsure,Walton reflects on his past reading and poetic ambitions; 'These reflections have dispelled the agitation with which I began my letter.' Writing/reflection provides emotional regulation. Mild but explicit therapeutic outcome.,targeted,poetry
5,"But I have one want which I have never yet been able to satisfy, and the
absence of the object of which I now feel as a most severe evil, I have no
friend, Margaret: when I am glowing with the enthusiasm of success, there
will be none to participate my joy; if I am assailed by disappointment, no
one will endeavour to sustain me in dejection. I shall commit my thoughts
to paper, it is true; but that is a poor medium for the communication of
feeling. I desire the company of a man who could sympathise with me, whose
eyes would reply to mine. You may deem me romantic, my dear sister, but I
bitterly feel the want of a friend. I have no one near me, gentle yet
courageous, possessed of a cultivated as well as of a capacious mind, whose
tastes are like my own, to approve or amend my plans. How would such a
friend repair the faults of your poor brother! I am too ardent in execution
and too impatient of difficulties. But it is a still greater evil to me
that I am self-educated: for the first fourteen years of my life I ran wild
on a common and read nothing but our Uncle Thomas’ books of voyages.
At that age I became acquainted with the celebrated poets of our own
country; but it was only when it had ceased to be in my power to derive its
most important benefits from such a conviction that I perceived the
necessity of becoming acquainted with more languages than that of my native
country. Now I am twenty-eight and am in reality more illiterate than many
schoolboys of fifteen. It is true that I have thought more and that my
daydreams are more extended and magnificent, but they want (as the painters
call it) _keeping;_ and I greatly need a friend who would have sense
enough not to despise me as romantic, and affection enough for me to
endeavour to regulate my mind.",0,,,0,sure,"Walton longs for a friend; explicitly says committing thoughts to paper is 'a poor medium.' Writing is named as insufficient, not therapeutic.",targeted,poetry
7,"Yet do not suppose, because I complain a little or because I can
conceive a consolation for my toils which I may never know, that I am
wavering in my resolutions. Those are as fixed as fate, and my voyage
is only now delayed until the weather shall permit my embarkation. The
winter has been dreadfully severe, but the spring promises well, and it
is considered as a remarkably early season, so that perhaps I may sail
sooner than I expected. I shall do nothing rashly: you know me
sufficiently to confide in my prudence and considerateness whenever the
safety of others is committed to my care. I cannot describe to you my sensations on the near prospect of my
undertaking. It is impossible to communicate to you a conception of
the trembling sensation, half pleasurable and half fearful, with which
I am preparing to depart. I am going to unexplored regions, to “the
land of mist and snow,” but I shall kill no albatross; therefore do not
be alarmed for my safety or if I should come back to you as worn and
woeful as the “Ancient Mariner.” You will smile at my allusion, but I
will disclose a secret. I have often attributed my attachment to, my
passionate enthusiasm for, the dangerous mysteries of ocean to that
production of the most imaginative of modern poets. There is something
at work in my soul which I do not understand. I am practically
industrious—painstaking, a workman to execute with perseverance and
labour—but besides this there is a love for the marvellous, a belief
in the marvellous, intertwined in all my projects, which hurries me out
of the common pathways of men, even to the wild sea and unvisited
regions I am about to explore.",0,,,0,sure,Walton describes mixed sensations about voyage; literary allusion to Ancient Mariner. Emotional expression but not processing.,targeted,poetry
8,"But to return to dearer considerations. Shall I meet you again, after
having traversed immense seas, and returned by the most southern cape of
Africa or America? I dare not expect such success, yet I cannot bear to
look on the reverse of the picture. Continue for the present to write to
me by every opportunity: I may receive your letters on some occasions when
I need them most to support my spirits. I love you very tenderly. 
Remember me with affection, should you never hear from me again. Your affectionate brother,
 Robert Walton Letter 3 _To Mrs. Saville, England._ July 7th, 17—. My dear Sister, I write a few lines in haste to say that I am safe—and well advanced
on my voyage. This letter will reach England by a merchantman now on
its homeward voyage from Archangel; more fortunate than I, who may not
see my native land, perhaps, for many years. I am, however, in good
spirits: my men are bold and apparently firm of purpose, nor do the
floating sheets of ice that continually pass us, indicating the dangers
of the region towards which we are advancing, appear to dismay them. We
have already reached a very high latitude; but it is the height of
summer, and although not so warm as in England, the southern gales,
which blow us speedily towards those shores which I so ardently desire
to attain, breathe a degree of renovating warmth which I had not
expected. No incidents have hitherto befallen us that would make a figure in a
letter. One or two stiff gales and the springing of a leak are
accidents which experienced navigators scarcely remember to record, and
I shall be well content if nothing worse happen to us during our voyage.",0,,,0,sure,"Walton asks sister to write to support his spirits. Letters as support, but no processing shown.",targeted,walton_letters
9,"Adieu, my dear Margaret. Be assured that for my own sake, as well as
yours, I will not rashly encounter danger. I will be cool,
persevering, and prudent. But success _shall_ crown my endeavours. Wherefore not? Thus far I
have gone, tracing a secure way over the pathless seas, the very stars
themselves being witnesses and testimonies of my triumph. Why not
still proceed over the untamed yet obedient element? What can stop the
determined heart and resolved will of man? My swelling heart involuntarily pours itself out thus. But I must
finish. Heaven bless my beloved sister! R.W. Letter 4 _To Mrs. Saville, England._ August 5th, 17—. So strange an accident has happened to us that I cannot forbear
recording it, although it is very probable that you will see me before
these papers can come into your possession. Last Monday (July 31st) we were nearly surrounded by ice, which closed
in the ship on all sides, scarcely leaving her the sea-room in which
she floated. Our situation was somewhat dangerous, especially as we
were compassed round by a very thick fog. We accordingly lay to,
hoping that some change would take place in the atmosphere and weather. About two o’clock the mist cleared away, and we beheld, stretched out
in every direction, vast and irregular plains of ice, which seemed to
have no end. Some of my comrades groaned, and my own mind began to
grow watchful with anxious thoughts, when a strange sight suddenly
attracted our attention and diverted our solicitude from our own
situation. We perceived a low carriage, fixed on a sledge and drawn by
dogs, pass on towards the north, at the distance of half a mile; a
being which had the shape of a man, but apparently of gigantic stature,
sat in the sledge and guided the dogs. We watched the rapid progress
of the traveller with our telescopes until he was lost among the
distant inequalities of the ice.",0,,,0,sure,Walton records strange accident in letter. Narration without processing.,targeted,walton_letters
10,"This appearance excited our unqualified wonder. We were, as we believed,
many hundred miles from any land; but this apparition seemed to denote that
it was not, in reality, so distant as we had supposed. Shut in, however, by
ice, it was impossible to follow his track, which we had observed with the
greatest attention. About two hours after this occurrence we heard the ground sea, and before
night the ice broke and freed our ship. We, however, lay to until the
morning, fearing to encounter in the dark those large loose masses which
float about after the breaking up of the ice. I profited of this time to
rest for a few hours. In the morning, however, as soon as it was light, I went upon deck and
found all the sailors busy on one side of the vessel, apparently
talking to someone in the sea. It was, in fact, a sledge, like that we
had seen before, which had drifted towards us in the night on a large
fragment of ice. Only one dog remained alive; but there was a human
being within it whom the sailors were persuading to enter the vessel.
He was not, as the other traveller seemed to be, a savage inhabitant of
some undiscovered island, but a European. When I appeared on deck the
master said, “Here is our captain, and he will not allow you to perish
on the open sea.” On perceiving me, the stranger addressed me in English, although with a
foreign accent. “Before I come on board your vessel,” said he,
“will you have the kindness to inform me whither you are bound?”",0,,,0,,"The passage describes curiosity and wonder during an unusual event in Walton's expedition. Although emotional reactions are present, the passage does not represent emotional processing, healing, or transformation.",pilot,
13,"From this time a new spirit of life animated the decaying frame of the
stranger. He manifested the greatest eagerness to be upon deck to watch for
the sledge which had before appeared; but I have persuaded him to remain in
the cabin, for he is far too weak to sustain the rawness of the atmosphere.
I have promised that someone should watch for him and give him instant
notice if any new object should appear in sight. Such is my journal of what relates to this strange occurrence up to the
present day. The stranger has gradually improved in health but is very
silent and appears uneasy when anyone except myself enters his cabin.
Yet his manners are so conciliating and gentle that the sailors are all
interested in him, although they have had very little communication
with him. For my own part, I begin to love him as a brother, and his
constant and deep grief fills me with sympathy and compassion. He must
have been a noble creature in his better days, being even now in wreck
so attractive and amiable. I said in one of my letters, my dear Margaret, that I should find no friend
on the wide ocean; yet I have found a man who, before his spirit had been
broken by misery, I should have been happy to have possessed as the brother
of my heart. I shall continue my journal concerning the stranger at intervals,
should I have any fresh incidents to record.",0,,,0,unsure,"Walton's journal records stranger's grief; Walton feels sympathy and brotherly love. Journaling as record-keeping, not emotional processing.",targeted,walton_letters
15,"Such words, you may imagine, strongly excited my curiosity; but the
paroxysm of grief that had seized the stranger overcame his weakened
powers, and many hours of repose and tranquil conversation were
necessary to restore his composure. Having conquered the violence of his feelings, he appeared to despise
himself for being the slave of passion; and quelling the dark tyranny of
despair, he led me again to converse concerning myself personally. He asked
me the history of my earlier years. The tale was quickly told, but it
awakened various trains of reflection. I spoke of my desire of finding a
friend, of my thirst for a more intimate sympathy with a fellow mind than
had ever fallen to my lot, and expressed my conviction that a man could
boast of little happiness who did not enjoy this blessing. “I agree with you,” replied the stranger; “we are
unfashioned creatures, but half made up, if one wiser, better, dearer than
ourselves—such a friend ought to be—do not lend his aid to
perfectionate our weak and faulty natures. I once had a friend, the most
noble of human creatures, and am entitled, therefore, to judge respecting
friendship. You have hope, and the world before you, and have no cause for
despair. But I—I have lost everything and cannot begin life
anew.” As he said this his countenance became expressive of a calm, settled
grief that touched me to the heart. But he was silent and presently
retired to his cabin. Even broken in spirit as he is, no one can feel more deeply than he
does the beauties of nature. The starry sky, the sea, and every sight
afforded by these wonderful regions seem still to have the power of
elevating his soul from earth. Such a man has a double existence: he
may suffer misery and be overwhelmed by disappointments, yet when he
has retired into himself, he will be like a celestial spirit that has a
halo around him, within whose circle no grief or folly ventures.",1,Narrative Reconstruction,,4,,"The passage represents therapeutic processing through emotional expression, interpersonal conversation, and narrative reconstruction. The stranger moves from intense grief toward composure while sharing personal history and reflecting on the importance of human connection and friendship.",pilot,
16,"Will you smile at the enthusiasm I express concerning this divine
wanderer? You would not if you saw him. You have been tutored and
refined by books and retirement from the world, and you are therefore
somewhat fastidious; but this only renders you the more fit to
appreciate the extraordinary merits of this wonderful man. Sometimes I
have endeavoured to discover what quality it is which he possesses that
elevates him so immeasurably above any other person I ever knew. I
believe it to be an intuitive discernment, a quick but never-failing
power of judgment, a penetration into the causes of things, unequalled
for clearness and precision; add to this a facility of expression and a
voice whose varied intonations are soul-subduing music. August 19th, 17—. Yesterday the stranger said to me, “You may easily perceive, Captain
Walton, that I have suffered great and unparalleled misfortunes. I had
determined at one time that the memory of these evils should die with
me, but you have won me to alter my determination. You seek for
knowledge and wisdom, as I once did; and I ardently hope that the
gratification of your wishes may not be a serpent to sting you, as mine
has been. I do not know that the relation of my disasters will be
useful to you; yet, when I reflect that you are pursuing the same
course, exposing yourself to the same dangers which have rendered me
what I am, I imagine that you may deduce an apt moral from my tale, one
that may direct you if you succeed in your undertaking and console you
in case of failure. Prepare to hear of occurrences which are usually
deemed marvellous. Were we among the tamer scenes of nature I might
fear to encounter your unbelief, perhaps your ridicule; but many things
will appear possible in these wild and mysterious regions which would
provoke the laughter of those unacquainted with the ever-varied powers
of nature; nor can I doubt but that my tale conveys in its series
internal evidence of the truth of the events of which it is composed.”",1,Narrative Reconstruction,,3,,"The passage introduces Victor's suffering and his decision to share painful memories with Walton. The act of narrating past experiences represents an early stage of emotional processing and narrative reconstruction, although complete healing or transformation is not yet shown.",pilot,
17,"You may easily imagine that I was much gratified by the offered
communication, yet I could not endure that he should renew his grief by
a recital of his misfortunes. I felt the greatest eagerness to hear
the promised narrative, partly from curiosity and partly from a strong
desire to ameliorate his fate if it were in my power. I expressed
these feelings in my answer. “I thank you,” he replied, “for your sympathy, but it is
useless; my fate is nearly fulfilled. I wait but for one event, and then I
shall repose in peace. I understand your feeling,” continued he,
perceiving that I wished to interrupt him; “but you are mistaken, my
friend, if thus you will allow me to name you; nothing can alter my
destiny; listen to my history, and you will perceive how irrevocably it is
determined.” He then told me that he would commence his narrative the next day when I
should be at leisure. This promise drew from me the warmest thanks. I have
resolved every night, when I am not imperatively occupied by my duties, to
record, as nearly as possible in his own words, what he has related during
the day. If I should be engaged, I will at least make notes. This
manuscript will doubtless afford you the greatest pleasure; but to me, who
know him, and who hear it from his own lips—with what interest and
sympathy shall I read it in some future day! Even now, as I commence my
task, his full-toned voice swells in my ears; his lustrous eyes dwell on me
with all their melancholy sweetness; I see his thin hand raised in
animation, while the lineaments of his face are irradiated by the soul
within. Strange and harrowing must be his story, frightful the storm which
embraced the gallant vessel on its course and wrecked it—thus!",0,,,0,unsure,"Walton resolves to record Victor's narrative. Anticipation of writing, not processing itself.",targeted,writing
23,"Everyone loved Elizabeth. The passionate and almost reverential
attachment with which all regarded her became, while I shared it, my
pride and my delight. On the evening previous to her being brought to
my home, my mother had said playfully, “I have a pretty present for my
Victor—tomorrow he shall have it.” And when, on the morrow, she
presented Elizabeth to me as her promised gift, I, with childish
seriousness, interpreted her words literally and looked upon Elizabeth
as mine—mine to protect, love, and cherish. All praises bestowed on
her I received as made to a possession of my own. We called each other
familiarly by the name of cousin. No word, no expression could body
forth the kind of relation in which she stood to me—my more than
sister, since till death she was to be mine only. Chapter 2 We were brought up together; there was not quite a year difference in
our ages. I need not say that we were strangers to any species of
disunion or dispute. Harmony was the soul of our companionship, and
the diversity and contrast that subsisted in our characters drew us
nearer together. Elizabeth was of a calmer and more concentrated
disposition; but, with all my ardour, I was capable of a more intense
application and was more deeply smitten with the thirst for knowledge.
She busied herself with following the aerial creations of the poets;
and in the majestic and wondrous scenes which surrounded our Swiss
home —the sublime shapes of the mountains, the changes of the seasons,
tempest and calm, the silence of winter, and the life and turbulence of
our Alpine summers—she found ample scope for admiration and delight.
While my companion contemplated with a serious and satisfied spirit the
magnificent appearances of things, I delighted in investigating their
causes. The world was to me a secret which I desired to divine.
Curiosity, earnest research to learn the hidden laws of nature,
gladness akin to rapture, as they were unfolded to me, are among the
earliest sensations I can remember.",0,,,0,sure,Childhood description of Elizabeth and Victor. No therapeutic processing.,targeted,poetry
26,"I feel exquisite pleasure in dwelling on the recollections of childhood,
before misfortune had tainted my mind and changed its bright visions of
extensive usefulness into gloomy and narrow reflections upon self. Besides,
in drawing the picture of my early days, I also record those events which
led, by insensible steps, to my after tale of misery, for when I would
account to myself for the birth of that passion which afterwards ruled my
destiny I find it arise, like a mountain river, from ignoble and almost
forgotten sources; but, swelling as it proceeded, it became the torrent
which, in its course, has swept away all my hopes and joys. Natural philosophy is the genius that has regulated my fate; I desire,
therefore, in this narration, to state those facts which led to my
predilection for that science. When I was thirteen years of age we all went
on a party of pleasure to the baths near Thonon; the inclemency of the
weather obliged us to remain a day confined to the inn. In this house I
chanced to find a volume of the works of Cornelius Agrippa. I opened it
with apathy; the theory which he attempts to demonstrate and the wonderful
facts which he relates soon changed this feeling into enthusiasm. A new
light seemed to dawn upon my mind, and bounding with joy, I communicated my
discovery to my father. My father looked carelessly at the title page of my
book and said, “Ah! Cornelius Agrippa! My dear Victor, do not waste
your time upon this; it is sad trash.”",1,Narrative Reconstruction,,4,,The passage represents autobiographical reflection and narrative reconstruction. Victor revisits childhood memories and attempts to understand how earlier experiences shaped his later suffering and identity. The passage demonstrates meaning-making through storytelling rather than simple recollection.,pilot,
27,"If, instead of this remark, my father had taken the pains to explain to me
that the principles of Agrippa had been entirely exploded and that a modern
system of science had been introduced which possessed much greater powers
than the ancient, because the powers of the latter were chimerical, while
those of the former were real and practical, under such circumstances I
should certainly have thrown Agrippa aside and have contented my
imagination, warmed as it was, by returning with greater ardour to my
former studies. It is even possible that the train of my ideas would never
have received the fatal impulse that led to my ruin. But the cursory glance
my father had taken of my volume by no means assured me that he was
acquainted with its contents, and I continued to read with the greatest
avidity. When I returned home my first care was to procure the whole works of this
author, and afterwards of Paracelsus and Albertus Magnus. I read and
studied the wild fancies of these writers with delight; they appeared to me
treasures known to few besides myself. I have described myself as always
having been imbued with a fervent longing to penetrate the secrets of
nature. In spite of the intense labour and wonderful discoveries of modern
philosophers, I always came from my studies discontented and unsatisfied.
Sir Isaac Newton is said to have avowed that he felt like a child picking
up shells beside the great and unexplored ocean of truth. Those of his
successors in each branch of natural philosophy with whom I was acquainted
appeared even to my boy’s apprehensions as tyros engaged in the same
pursuit.",0,,,0,sure,"Victor reads Agrippa, Paracelsus; intellectual curiosity, not therapeutic.",targeted,reading
28,"The untaught peasant beheld the elements around him and was acquainted
with their practical uses. The most learned philosopher knew little
more. He had partially unveiled the face of Nature, but her immortal
lineaments were still a wonder and a mystery. He might dissect,
anatomise, and give names; but, not to speak of a final cause, causes
in their secondary and tertiary grades were utterly unknown to him. I
had gazed upon the fortifications and impediments that seemed to keep
human beings from entering the citadel of nature, and rashly and
ignorantly I had repined. But here were books, and here were men who had penetrated deeper and knew
more. I took their word for all that they averred, and I became their
disciple. It may appear strange that such should arise in the eighteenth
century; but while I followed the routine of education in the schools of
Geneva, I was, to a great degree, self-taught with regard to my favourite
studies. My father was not scientific, and I was left to struggle with a
child’s blindness, added to a student’s thirst for knowledge.
Under the guidance of my new preceptors I entered with the greatest
diligence into the search of the philosopher’s stone and the elixir
of life; but the latter soon obtained my undivided attention. Wealth was an
inferior object, but what glory would attend the discovery if I could
banish disease from the human frame and render man invulnerable to any but
a violent death! Nor were these my only visions. The raising of ghosts or devils was a
promise liberally accorded by my favourite authors, the fulfilment of which
I most eagerly sought; and if my incantations were always unsuccessful, I
attributed the failure rather to my own inexperience and mistake than to a
want of skill or fidelity in my instructors. And thus for a time I was
occupied by exploded systems, mingling, like an unadept, a thousand
contradictory theories and floundering desperately in a very slough of
multifarious knowledge, guided by an ardent imagination and childish
reasoning, till an accident again changed the current of my ideas.",0,,,0,sure,"Random: Victor's scientific studies and ambitions. Descriptive, no processing.",random,random
31,"She died calmly, and her countenance expressed affection even in death.
I need not describe the feelings of those whose dearest ties are rent
by that most irreparable evil, the void that presents itself to the
soul, and the despair that is exhibited on the countenance. It is so
long before the mind can persuade itself that she whom we saw every day
and whose very existence appeared a part of our own can have departed
for ever—that the brightness of a beloved eye can have been
extinguished and the sound of a voice so familiar and dear to the ear
can be hushed, never more to be heard. These are the reflections of
the first days; but when the lapse of time proves the reality of the
evil, then the actual bitterness of grief commences. Yet from whom has
not that rude hand rent away some dear connection? And why should I
describe a sorrow which all have felt, and must feel? The time at
length arrives when grief is rather an indulgence than a necessity; and
the smile that plays upon the lips, although it may be deemed a
sacrilege, is not banished. My mother was dead, but we had still
duties which we ought to perform; we must continue our course with the
rest and learn to think ourselves fortunate whilst one remains whom the
spoiler has not seized. My departure for Ingolstadt, which had been deferred by these events,
was now again determined upon. I obtained from my father a respite of
some weeks. It appeared to me sacrilege so soon to leave the repose,
akin to death, of the house of mourning and to rush into the thick of
life. I was new to sorrow, but it did not the less alarm me. I was
unwilling to quit the sight of those that remained to me, and above
all, I desired to see my sweet Elizabeth in some degree consoled.",1,Narrative Reconstruction,,3,,"The passage represents narrative reconstruction of grief through reflection on loss, memory, and the gradual transformation of sorrow over time. The narrator moves from immediate suffering toward a broader understanding of grief as a universal human experience.",pilot,
43,"The summer months passed while I was thus engaged, heart and soul, in
one pursuit. It was a most beautiful season; never did the fields
bestow a more plentiful harvest or the vines yield a more luxuriant
vintage, but my eyes were insensible to the charms of nature. And the
same feelings which made me neglect the scenes around me caused me also
to forget those friends who were so many miles absent, and whom I had
not seen for so long a time. I knew my silence disquieted them, and I
well remembered the words of my father: “I know that while you are
pleased with yourself you will think of us with affection, and we shall
hear regularly from you. You must pardon me if I regard any
interruption in your correspondence as a proof that your other duties
are equally neglected.” I knew well therefore what would be my father’s feelings, but I could
not tear my thoughts from my employment, loathsome in itself, but which
had taken an irresistible hold of my imagination. I wished, as it
were, to procrastinate all that related to my feelings of affection
until the great object, which swallowed up every habit of my nature,
should be completed. I then thought that my father would be unjust if he ascribed my neglect
to vice or faultiness on my part, but I am now convinced that he was
justified in conceiving that I should not be altogether free from
blame. A human being in perfection ought always to preserve a calm and
peaceful mind and never to allow passion or a transitory desire to
disturb his tranquillity. I do not think that the pursuit of knowledge
is an exception to this rule. If the study to which you apply yourself
has a tendency to weaken your affections and to destroy your taste for
those simple pleasures in which no alloy can possibly mix, then that
study is certainly unlawful, that is to say, not befitting the human
mind. If this rule were always observed; if no man allowed any pursuit
whatsoever to interfere with the tranquillity of his domestic
affections, Greece had not been enslaved, Cæsar would have spared his
country, America would have been discovered more gradually, and the
empires of Mexico and Peru had not been destroyed.",0,,,0,,"The passage describes Victor's obsessive scientific pursuit and emotional isolation rather than a therapeutic process. Although he remembers his family and recognizes their concern, the passage focuses on withdrawal, neglect of relationships, and loss of connection.",pilot,
46,"Oh! No mortal could support the horror of that countenance. A mummy
again endued with animation could not be so hideous as that wretch. I
had gazed on him while unfinished; he was ugly then, but when those
muscles and joints were rendered capable of motion, it became a thing
such as even Dante could not have conceived. I passed the night wretchedly. Sometimes my pulse beat so quickly and
hardly that I felt the palpitation of every artery; at others, I nearly
sank to the ground through languor and extreme weakness. Mingled with
this horror, I felt the bitterness of disappointment; dreams that had
been my food and pleasant rest for so long a space were now become a
hell to me; and the change was so rapid, the overthrow so complete! Morning, dismal and wet, at length dawned and discovered to my
sleepless and aching eyes the church of Ingolstadt, its white steeple
and clock, which indicated the sixth hour. The porter opened the gates
of the court, which had that night been my asylum, and I issued into
the streets, pacing them with quick steps, as if I sought to avoid the
wretch whom I feared every turning of the street would present to my
view. I did not dare return to the apartment which I inhabited, but
felt impelled to hurry on, although drenched by the rain which poured
from a black and comfortless sky. I continued walking in this manner for some time, endeavouring by
bodily exercise to ease the load that weighed upon my mind. I
traversed the streets without any clear conception of where I was or
what I was doing. My heart palpitated in the sickness of fear, and I
hurried on with irregular steps, not daring to look about me:
 
 Like one who, on a lonely road,
 Doth walk in fear and dread,
 And, having once turned round, walks on,
 And turns no more his head;
 Because he knows a frightful fiend
 Doth close behind him tread.
 
 [Coleridge’s “Ancient Mariner.”]",0,,,0,sure,"Victor's horror after creation; quotes Coleridge. Pure trauma expression, no processing.",targeted,poetry
51,"“You will repay me entirely if you do not discompose yourself, but get
well as fast as you can; and since you appear in such good spirits, I
may speak to you on one subject, may I not?” I trembled. One subject! What could it be? Could he allude to an object on
whom I dared not even think? “Compose yourself,” said Clerval, who observed my change of
colour, “I will not mention it if it agitates you; but your father
and cousin would be very happy if they received a letter from you in your
own handwriting. They hardly know how ill you have been and are uneasy at
your long silence.” “Is that all, my dear Henry? How could you suppose that my first
thought would not fly towards those dear, dear friends whom I love and
who are so deserving of my love?” “If this is your present temper, my friend, you will perhaps be glad
to see a letter that has been lying here some days for you; it is from
your cousin, I believe.” Chapter 6 Clerval then put the following letter into my hands. It was from my
own Elizabeth: “My dearest Cousin, “You have been ill, very ill, and even the constant letters of dear
kind Henry are not sufficient to reassure me on your account. You are
forbidden to write—to hold a pen; yet one word from you, dear Victor,
is necessary to calm our apprehensions. For a long time I have thought
that each post would bring this line, and my persuasions have
restrained my uncle from undertaking a journey to Ingolstadt. I have
prevented his encountering the inconveniences and perhaps dangers of so
long a journey, yet how often have I regretted not being able to
perform it myself! I figure to myself that the task of attending on
your sickbed has devolved on some mercenary old nurse, who could never
guess your wishes nor minister to them with the care and affection of
your poor cousin. Yet that is over now: Clerval writes that indeed
you are getting better. I eagerly hope that you will confirm this
intelligence soon in your own handwriting.",0,,,0,sure,"Clerval urges Victor to write home; Victor trembles. Writing framed as obligation, not therapy.",targeted,writing
53,"“Justine, you may remember, was a great favourite of yours; and I
recollect you once remarked that if you were in an ill humour, one
glance from Justine could dissipate it, for the same reason that
Ariosto gives concerning the beauty of Angelica—she looked so
frank-hearted and happy. My aunt conceived a great attachment for her,
by which she was induced to give her an education superior to that
which she had at first intended. This benefit was fully repaid;
Justine was the most grateful little creature in the world: I do not
mean that she made any professions I never heard one pass her lips, but
you could see by her eyes that she almost adored her protectress.
Although her disposition was gay and in many respects inconsiderate,
yet she paid the greatest attention to every gesture of my aunt. She
thought her the model of all excellence and endeavoured to imitate her
phraseology and manners, so that even now she often reminds me of her. “When my dearest aunt died every one was too much occupied in their own
grief to notice poor Justine, who had attended her during her illness
with the most anxious affection. Poor Justine was very ill; but other
trials were reserved for her. “One by one, her brothers and sister died; and her mother, with the
exception of her neglected daughter, was left childless. The
conscience of the woman was troubled; she began to think that the
deaths of her favourites was a judgement from heaven to chastise her
partiality. She was a Roman Catholic; and I believe her confessor
confirmed the idea which she had conceived. Accordingly, a few months
after your departure for Ingolstadt, Justine was called home by her
repentant mother. Poor girl! She wept when she quitted our house; she
was much altered since the death of my aunt; grief had given softness
and a winning mildness to her manners, which had before been remarkable
for vivacity. Nor was her residence at her mother’s house of a nature
to restore her gaiety. The poor woman was very vacillating in her
repentance. She sometimes begged Justine to forgive her unkindness,
but much oftener accused her of having caused the deaths of her
brothers and sister. Perpetual fretting at length threw Madame Moritz
into a decline, which at first increased her irritability, but she is
now at peace for ever. She died on the first approach of cold weather,
at the beginning of this last winter. Justine has just returned to us;
and I assure you I love her tenderly. She is very clever and gentle,
and extremely pretty; as I mentioned before, her mien and her
expression continually remind me of my dear aunt.",0,,,0,,"The passage presents a recollection of Justine's character and her relationship with the Frankenstein family. Although it contains affection and emotional memory, it functions primarily as descriptive remembrance rather than emotional processing, healing, or transformative reflection.",pilot,
54,"“I must say also a few words to you, my dear cousin, of little darling
William. I wish you could see him; he is very tall of his age, with
sweet laughing blue eyes, dark eyelashes, and curling hair. When he
smiles, two little dimples appear on each cheek, which are rosy with
health. He has already had one or two little _wives,_ but Louisa Biron
is his favourite, a pretty little girl of five years of age. “Now, dear Victor, I dare say you wish to be indulged in a little
gossip concerning the good people of Geneva. The pretty Miss Mansfield
has already received the congratulatory visits on her approaching
marriage with a young Englishman, John Melbourne, Esq. Her ugly
sister, Manon, married M. Duvillard, the rich banker, last autumn. Your
favourite schoolfellow, Louis Manoir, has suffered several misfortunes
since the departure of Clerval from Geneva. But he has already
recovered his spirits, and is reported to be on the point of marrying a
lively pretty Frenchwoman, Madame Tavernier. She is a widow, and much
older than Manoir; but she is very much admired, and a favourite with
everybody. “I have written myself into better spirits, dear cousin; but my anxiety
returns upon me as I conclude. Write, dearest Victor,—one line—one
word will be a blessing to us. Ten thousand thanks to Henry for his
kindness, his affection, and his many letters; we are sincerely
grateful. Adieu! my cousin; take care of yourself; and, I entreat
you, write!",1,Emotional Catharsis,,2,sure,"Elizabeth: 'I have written myself into better spirits, dear cousin.' Explicit scriptotherapy—writing improves mood. Clear therapeutic outcome.",targeted,writing
55,"“Elizabeth Lavenza. “Geneva, March 18th, 17—.” “Dear, dear Elizabeth!” I exclaimed, when I had read her
letter: “I will write instantly and relieve them from the anxiety
they must feel.” I wrote, and this exertion greatly fatigued me; but
my convalescence had commenced, and proceeded regularly. In another
fortnight I was able to leave my chamber. One of my first duties on my recovery was to introduce Clerval to the
several professors of the university. In doing this, I underwent a
kind of rough usage, ill befitting the wounds that my mind had
sustained. Ever since the fatal night, the end of my labours, and the
beginning of my misfortunes, I had conceived a violent antipathy even
to the name of natural philosophy. When I was otherwise quite restored
to health, the sight of a chemical instrument would renew all the agony
of my nervous symptoms. Henry saw this, and had removed all my
apparatus from my view. He had also changed my apartment; for he
perceived that I had acquired a dislike for the room which had
previously been my laboratory. But these cares of Clerval were made of
no avail when I visited the professors. M. Waldman inflicted torture
when he praised, with kindness and warmth, the astonishing progress I
had made in the sciences. He soon perceived that I disliked the
subject; but not guessing the real cause, he attributed my feelings to
modesty, and changed the subject from my improvement, to the science
itself, with a desire, as I evidently saw, of drawing me out. What
could I do? He meant to please, and he tormented me. I felt as if he
had placed carefully, one by one, in my view those instruments which
were to be afterwards used in putting me to a slow and cruel death. I
writhed under his words, yet dared not exhibit the pain I felt.
Clerval, whose eyes and feelings were always quick in discerning the
sensations of others, declined the subject, alleging, in excuse, his
total ignorance; and the conversation took a more general turn. I
thanked my friend from my heart, but I did not speak. I saw plainly
that he was surprised, but he never attempted to draw my secret from
me; and although I loved him with a mixture of affection and reverence
that knew no bounds, yet I could never persuade myself to confide in
him that event which was so often present to my recollection, but which
I feared the detail to another would only impress more deeply.",0,,,0,sure,"Victor writes to Elizabeth to relieve her anxiety. Writing for others, fatiguing, not therapeutic for self.",targeted,writing
56,"M. Krempe was not equally docile; and in my condition at that time, of
almost insupportable sensitiveness, his harsh blunt encomiums gave me even
more pain than the benevolent approbation of M. Waldman. “D—n
the fellow!” cried he; “why, M. Clerval, I assure you he has
outstript us all. Ay, stare if you please; but it is nevertheless true. A
youngster who, but a few years ago, believed in Cornelius Agrippa as firmly
as in the gospel, has now set himself at the head of the university; and if
he is not soon pulled down, we shall all be out of countenance.—Ay,
ay,” continued he, observing my face expressive of suffering,
“M. Frankenstein is modest; an excellent quality in a young man.
Young men should be diffident of themselves, you know, M. Clerval: I was
myself when young; but that wears out in a very short time.” M. Krempe had now commenced an eulogy on himself, which happily turned
the conversation from a subject that was so annoying to me. Clerval had never sympathised in my tastes for natural science; and his
literary pursuits differed wholly from those which had occupied me. He
came to the university with the design of making himself complete
master of the oriental languages, and thus he should open a field for
the plan of life he had marked out for himself. Resolved to pursue no
inglorious career, he turned his eyes toward the East, as affording
scope for his spirit of enterprise. The Persian, Arabic, and Sanskrit
languages engaged his attention, and I was easily induced to enter on
the same studies. Idleness had ever been irksome to me, and now that I
wished to fly from reflection, and hated my former studies, I felt
great relief in being the fellow-pupil with my friend, and found not
only instruction but consolation in the works of the orientalists. I
did not, like him, attempt a critical knowledge of their dialects, for
I did not contemplate making any other use of them than temporary
amusement. I read merely to understand their meaning, and they well
repaid my labours. Their melancholy is soothing, and their joy
elevating, to a degree I never experienced in studying the authors of
any other country. When you read their writings, life appears to
consist in a warm sun and a garden of roses,—in the smiles and frowns
of a fair enemy, and the fire that consumes your own heart. How
different from the manly and heroical poetry of Greece and Rome!",0,,,0,unsure,"Victor finds 'consolation' in orientalist works while fleeing reflection. Consolation through reading, but framed as avoidance rather than processing.",targeted,poetry
60,"“He was conveyed home, and the anguish that was visible in my
countenance betrayed the secret to Elizabeth. She was very earnest to
see the corpse. At first I attempted to prevent her but she persisted,
and entering the room where it lay, hastily examined the neck of the
victim, and clasping her hands exclaimed, ‘O God! I have murdered my
darling child!’ “She fainted, and was restored with extreme difficulty. When she again
lived, it was only to weep and sigh. She told me, that that same
evening William had teased her to let him wear a very valuable
miniature that she possessed of your mother. This picture is gone, and
was doubtless the temptation which urged the murderer to the deed. We
have no trace of him at present, although our exertions to discover him
are unremitted; but they will not restore my beloved William! “Come, dearest Victor; you alone can console Elizabeth. She weeps
continually, and accuses herself unjustly as the cause of his death;
her words pierce my heart. We are all unhappy; but will not that be an
additional motive for you, my son, to return and be our comforter?
Your dear mother! Alas, Victor! I now say, Thank God she did not live
to witness the cruel, miserable death of her youngest darling! “Come, Victor; not brooding thoughts of vengeance against the assassin,
but with feelings of peace and gentleness, that will heal, instead of
festering, the wounds of our minds. Enter the house of mourning, my
friend, but with kindness and affection for those who love you, and not
with hatred for your enemies.",0,,,0,,"The passage represents intense grief, guilt, and emotional suffering after William's death. Although it contains strong emotional expression, it does not demonstrate therapeutic processing, reflection, acceptance, or transformation.",pilot,
61,"“Your affectionate and afflicted father, “Alphonse Frankenstein. “Geneva, May 12th, 17—.” Clerval, who had watched my countenance as I read this letter, was
surprised to observe the despair that succeeded the joy I at first
expressed on receiving news from my friends. I threw the letter on the
table, and covered my face with my hands. “My dear Frankenstein,” exclaimed Henry, when he perceived me
weep with bitterness, “are you always to be unhappy? My dear friend,
what has happened?” I motioned him to take up the letter, while I walked up and down the
room in the extremest agitation. Tears also gushed from the eyes of
Clerval, as he read the account of my misfortune. “I can offer you no consolation, my friend,” said he;
“your disaster is irreparable. What do you intend to do?” “To go instantly to Geneva: come with me, Henry, to order the horses.” During our walk, Clerval endeavoured to say a few words of consolation;
he could only express his heartfelt sympathy. “Poor William!” said he,
“dear lovely child, he now sleeps with his angel mother! Who that had
seen him bright and joyous in his young beauty, but must weep over his
untimely loss! To die so miserably; to feel the murderer’s grasp! How
much more a murdered that could destroy radiant innocence! Poor little
fellow! one only consolation have we; his friends mourn and weep, but
he is at rest. The pang is over, his sufferings are at an end for ever.
A sod covers his gentle form, and he knows no pain. He can no longer
be a subject for pity; we must reserve that for his miserable
survivors.”",0,,,0,sure,Hard negative: Clerval offers consolation and sympathy; Victor despairs. Support without catharsis. Matches pilot 67.,hard_negative,support
62,"Clerval spoke thus as we hurried through the streets; the words
impressed themselves on my mind and I remembered them afterwards in
solitude. But now, as soon as the horses arrived, I hurried into a
cabriolet, and bade farewell to my friend. My journey was very melancholy. At first I wished to hurry on, for I longed
to console and sympathise with my loved and sorrowing friends; but when I
drew near my native town, I slackened my progress. I could hardly sustain
the multitude of feelings that crowded into my mind. I passed through
scenes familiar to my youth, but which I had not seen for nearly six years.
How altered every thing might be during that time! One sudden and
desolating change had taken place; but a thousand little circumstances
might have by degrees worked other alterations, which, although they were
done more tranquilly, might not be the less decisive. Fear overcame me; I
dared no advance, dreading a thousand nameless evils that made me tremble,
although I was unable to define them. I remained two days at Lausanne, in this painful state of mind. I
contemplated the lake: the waters were placid; all around was calm; and the
snowy mountains, “the palaces of nature,” were not changed. By
degrees the calm and heavenly scene restored me, and I continued my journey
towards Geneva. The road ran by the side of the lake, which became narrower as I
approached my native town. I discovered more distinctly the black
sides of Jura, and the bright summit of Mont Blanc. I wept like a
child. “Dear mountains! my own beautiful lake! how do you welcome your
wanderer? Your summits are clear; the sky and lake are blue and
placid. Is this to prognosticate peace, or to mock at my unhappiness?”",1,Narrative Reconstruction,,3,,"The passage represents emotional reflection and narrative reconstruction as Victor revisits familiar landscapes from his childhood and processes changes in his life. Although the passage contains fear and grief, interaction with memory and nature provides gradual emotional restoration and meaning-making.",pilot,
65,"I remained motionless. The thunder ceased; but the rain still
continued, and the scene was enveloped in an impenetrable darkness. I
revolved in my mind the events which I had until now sought to forget:
the whole train of my progress toward the creation; the appearance of
the works of my own hands at my bedside; its departure. Two years had
now nearly elapsed since the night on which he first received life; and
was this his first crime? Alas! I had turned loose into the world a
depraved wretch, whose delight was in carnage and misery; had he not
murdered my brother? No one can conceive the anguish I suffered during the remainder of the
night, which I spent, cold and wet, in the open air. But I did not
feel the inconvenience of the weather; my imagination was busy in
scenes of evil and despair. I considered the being whom I had cast
among mankind, and endowed with the will and power to effect purposes
of horror, such as the deed which he had now done, nearly in the light
of my own vampire, my own spirit let loose from the grave, and forced
to destroy all that was dear to me. Day dawned; and I directed my steps towards the town. The gates were
open, and I hastened to my father’s house. My first thought was to
discover what I knew of the murderer, and cause instant pursuit to be
made. But I paused when I reflected on the story that I had to tell. A
being whom I myself had formed, and endued with life, had met me at
midnight among the precipices of an inaccessible mountain. I
remembered also the nervous fever with which I had been seized just at
the time that I dated my creation, and which would give an air of
delirium to a tale otherwise so utterly improbable. I well knew that
if any other had communicated such a relation to me, I should have
looked upon it as the ravings of insanity. Besides, the strange nature
of the animal would elude all pursuit, even if I were so far credited
as to persuade my relatives to commence it. And then of what use would
be pursuit? Who could arrest a creature capable of scaling the
overhanging sides of Mont Salêve? These reflections determined me, and
I resolved to remain silent.",0,,,0,sure,"Hard negative: Victor reflects on events, resolves to remain silent. Reflection + despair, no resolution.",hard_negative,reflection_despair
67,"“She most of all,” said Ernest, “requires consolation; she accused
herself of having caused the death of my brother, and that made her
very wretched. But since the murderer has been discovered—” “The murderer discovered! Good God! how can that be? who could attempt
to pursue him? It is impossible; one might as well try to overtake the
winds, or confine a mountain-stream with a straw. I saw him too; he
was free last night!” “I do not know what you mean,” replied my brother, in accents of
wonder, “but to us the discovery we have made completes our misery. No
one would believe it at first; and even now Elizabeth will not be
convinced, notwithstanding all the evidence. Indeed, who would credit
that Justine Moritz, who was so amiable, and fond of all the family,
could suddenly become so capable of so frightful, so appalling a crime?” “Justine Moritz! Poor, poor girl, is she the accused? But it is
wrongfully; every one knows that; no one believes it, surely, Ernest?” “No one did at first; but several circumstances came out, that have
almost forced conviction upon us; and her own behaviour has been so
confused, as to add to the evidence of facts a weight that, I fear,
leaves no hope for doubt. But she will be tried today, and you will
then hear all.” He then related that, the morning on which the murder of poor William
had been discovered, Justine had been taken ill, and confined to her
bed for several days. During this interval, one of the servants,
happening to examine the apparel she had worn on the night of the
murder, had discovered in her pocket the picture of my mother, which
had been judged to be the temptation of the murderer. The servant
instantly showed it to one of the others, who, without saying a word to
any of the family, went to a magistrate; and, upon their deposition,
Justine was apprehended. On being charged with the fact, the poor girl
confirmed the suspicion in a great measure by her extreme confusion of
manner.",0,,,0,,"The passage describes grief, guilt, and emotional suffering after William's death. However, it represents the experience of trauma rather than a therapeutic process of reflection, healing, or transformation.",pilot,
77,"She paused, weeping, and then continued, “I thought with horror, my
sweet lady, that you should believe your Justine, whom your blessed
aunt had so highly honoured, and whom you loved, was a creature capable
of a crime which none but the devil himself could have perpetrated.
Dear William! dearest blessed child! I soon shall see you again in
heaven, where we shall all be happy; and that consoles me, going as I
am to suffer ignominy and death.” “Oh, Justine! Forgive me for having for one moment distrusted you.
Why did you confess? But do not mourn, dear girl. Do not fear. I
will proclaim, I will prove your innocence. I will melt the stony
hearts of your enemies by my tears and prayers. You shall not die!
You, my playfellow, my companion, my sister, perish on the scaffold!
No! No! I never could survive so horrible a misfortune.” Justine shook her head mournfully. “I do not fear to die,” she said;
“that pang is past. God raises my weakness and gives me courage to
endure the worst. I leave a sad and bitter world; and if you remember
me and think of me as of one unjustly condemned, I am resigned to the
fate awaiting me. Learn from me, dear lady, to submit in patience to
the will of heaven!” During this conversation I had retired to a corner of the prison room,
where I could conceal the horrid anguish that possessed me. Despair!
Who dared talk of that? The poor victim, who on the morrow was to pass
the awful boundary between life and death, felt not, as I did, such
deep and bitter agony. I gnashed my teeth and ground them together,
uttering a groan that came from my inmost soul. Justine started. When
she saw who it was, she approached me and said, “Dear sir, you are very
kind to visit me; you, I hope, do not believe that I am guilty?”",1,Emotional Catharsis,,4,,"The passage represents emotional catharsis through the expression of grief, fear, and acceptance during Justine's final moments. Elizabeth provides emotional support and reassurance, while Justine demonstrates a movement toward courage and acceptance despite suffering.",pilot,
78,"I could not answer. “No, Justine,” said Elizabeth; “he is more
convinced of your innocence than I was, for even when he heard that you
had confessed, he did not credit it.” “I truly thank him. In these last moments I feel the sincerest
gratitude towards those who think of me with kindness. How sweet is
the affection of others to such a wretch as I am! It removes more than
half my misfortune, and I feel as if I could die in peace now that my
innocence is acknowledged by you, dear lady, and your cousin.” Thus the poor sufferer tried to comfort others and herself. She indeed
gained the resignation she desired. But I, the true murderer, felt the
never-dying worm alive in my bosom, which allowed of no hope or
consolation. Elizabeth also wept and was unhappy, but hers also was
the misery of innocence, which, like a cloud that passes over the fair
moon, for a while hides but cannot tarnish its brightness. Anguish and
despair had penetrated into the core of my heart; I bore a hell within
me which nothing could extinguish. We stayed several hours with
Justine, and it was with great difficulty that Elizabeth could tear
herself away. “I wish,” cried she, “that I were to die with you; I
cannot live in this world of misery.” Justine assumed an air of cheerfulness, while she with difficulty
repressed her bitter tears. She embraced Elizabeth and said in a voice
of half-suppressed emotion, “Farewell, sweet lady, dearest Elizabeth,
my beloved and only friend; may heaven, in its bounty, bless and
preserve you; may this be the last misfortune that you will ever
suffer! Live, and be happy, and make others so.”",1,Emotional Catharsis,,4,,"The passage represents emotional catharsis through Justine's expression of gratitude, acceptance, and emotional relief after receiving recognition and kindness from others. Social support reduces her suffering and allows her to approach death with peace and resignation.",pilot,
79,"And on the morrow Justine died. Elizabeth’s heart-rending eloquence
failed to move the judges from their settled conviction in the
criminality of the saintly sufferer. My passionate and indignant
appeals were lost upon them. And when I received their cold answers
and heard the harsh, unfeeling reasoning of these men, my purposed
avowal died away on my lips. Thus I might proclaim myself a madman,
but not revoke the sentence passed upon my wretched victim. She
perished on the scaffold as a murderess! From the tortures of my own heart, I turned to contemplate the deep and
voiceless grief of my Elizabeth. This also was my doing! And my
father’s woe, and the desolation of that late so smiling home all was
the work of my thrice-accursed hands! Ye weep, unhappy ones, but these
are not your last tears! Again shall you raise the funeral wail, and
the sound of your lamentations shall again and again be heard!
Frankenstein, your son, your kinsman, your early, much-loved friend; he
who would spend each vital drop of blood for your sakes, who has no
thought nor sense of joy except as it is mirrored also in your dear
countenances, who would fill the air with blessings and spend his life
in serving you—he bids you weep, to shed countless tears; happy beyond
his hopes, if thus inexorable fate be satisfied, and if the destruction
pause before the peace of the grave have succeeded to your sad torments! Thus spoke my prophetic soul, as, torn by remorse, horror, and despair,
I beheld those I loved spend vain sorrow upon the graves of William and
Justine, the first hapless victims to my unhallowed arts.",0,,,0,,"The passage presents intense grief, guilt, and self-blame following Justine's execution. Although Victor reflects deeply on the suffering of himself and others, the narrative emphasizes despair and responsibility rather than emotional processing, healing, or transformative meaning-making.",pilot,
80,"Chapter 9 Nothing is more painful to the human mind than, after the feelings have
been worked up by a quick succession of events, the dead calmness of
inaction and certainty which follows and deprives the soul both of hope
and fear. Justine died, she rested, and I was alive. The blood flowed
freely in my veins, but a weight of despair and remorse pressed on my
heart which nothing could remove. Sleep fled from my eyes; I wandered
like an evil spirit, for I had committed deeds of mischief beyond
description horrible, and more, much more (I persuaded myself) was yet
behind. Yet my heart overflowed with kindness and the love of virtue.
I had begun life with benevolent intentions and thirsted for the moment
when I should put them in practice and make myself useful to my fellow
beings. Now all was blasted; instead of that serenity of conscience
which allowed me to look back upon the past with self-satisfaction, and
from thence to gather promise of new hopes, I was seized by remorse and
the sense of guilt, which hurried me away to a hell of intense tortures
such as no language can describe. This state of mind preyed upon my health, which had perhaps never
entirely recovered from the first shock it had sustained. I shunned
the face of man; all sound of joy or complacency was torture to me;
solitude was my only consolation—deep, dark, deathlike solitude. My father observed with pain the alteration perceptible in my disposition
and habits and endeavoured by arguments deduced from the feelings of his
serene conscience and guiltless life to inspire me with fortitude and
awaken in me the courage to dispel the dark cloud which brooded over me.
“Do you think, Victor,” said he, “that I do not suffer
also? No one could love a child more than I loved your
brother”—tears came into his eyes as he spoke—“but
is it not a duty to the survivors that we should refrain from augmenting
their unhappiness by an appearance of immoderate grief? It is also a duty
owed to yourself, for excessive sorrow prevents improvement or enjoyment,
or even the discharge of daily usefulness, without which no man is fit for
society.”",0,,,0,,"The passage presents intense grief, remorse, and self-reflection after Justine's death. Although Victor examines his past identity and suffering, the narrative remains focused on guilt and despair rather than emotional processing, healing, or transformative meaning-making.",pilot,
81,"This advice, although good, was totally inapplicable to my case; I
should have been the first to hide my grief and console my friends if
remorse had not mingled its bitterness, and terror its alarm, with my
other sensations. Now I could only answer my father with a look of
despair and endeavour to hide myself from his view. About this time we retired to our house at Belrive. This change was
particularly agreeable to me. The shutting of the gates regularly at
ten o’clock and the impossibility of remaining on the lake after that
hour had rendered our residence within the walls of Geneva very irksome
to me. I was now free. Often, after the rest of the family had
retired for the night, I took the boat and passed many hours upon the
water. Sometimes, with my sails set, I was carried by the wind; and
sometimes, after rowing into the middle of the lake, I left the boat to
pursue its own course and gave way to my own miserable reflections. I
was often tempted, when all was at peace around me, and I the only
unquiet thing that wandered restless in a scene so beautiful and
heavenly—if I except some bat, or the frogs, whose harsh and
interrupted croaking was heard only when I approached the shore—often,
I say, I was tempted to plunge into the silent lake, that the waters
might close over me and my calamities for ever. But I was restrained,
when I thought of the heroic and suffering Elizabeth, whom I tenderly
loved, and whose existence was bound up in mine. I thought also of my
father and surviving brother; should I by my base desertion leave them
exposed and unprotected to the malice of the fiend whom I had let loose
among them?",0,,,0,,"The passage presents grief, remorse, fear, and isolation following traumatic events. Although Victor engages in self-reflection, the reflection reinforces despair and withdrawal rather than producing emotional processing, healing, or transformative understanding.",pilot,
82,"At these moments I wept bitterly and wished that peace would revisit my
mind only that I might afford them consolation and happiness. But that
could not be. Remorse extinguished every hope. I had been the author of
unalterable evils, and I lived in daily fear lest the monster whom I had
created should perpetrate some new wickedness. I had an obscure feeling
that all was not over and that he would still commit some signal crime,
which by its enormity should almost efface the recollection of the past.
There was always scope for fear so long as anything I loved remained
behind. My abhorrence of this fiend cannot be conceived. When I thought of
him I gnashed my teeth, my eyes became inflamed, and I ardently wished to
extinguish that life which I had so thoughtlessly bestowed. When I
reflected on his crimes and malice, my hatred and revenge burst all bounds
of moderation. I would have made a pilgrimage to the highest peak of the
Andes, could I, when there, have precipitated him to their base. I wished
to see him again, that I might wreak the utmost extent of abhorrence on his
head and avenge the deaths of William and Justine. Our house was the house of mourning. My father’s health was deeply
shaken by the horror of the recent events. Elizabeth was sad and
desponding; she no longer took delight in her ordinary occupations; all
pleasure seemed to her sacrilege toward the dead; eternal woe and tears she
then thought was the just tribute she should pay to innocence so blasted
and destroyed. She was no longer that happy creature who in earlier youth
wandered with me on the banks of the lake and talked with ecstasy of our
future prospects. The first of those sorrows which are sent to wean us from
the earth had visited her, and its dimming influence quenched her dearest
smiles.",0,,,0,,"The passage presents intense guilt, remorse, fear, and anger following Victor's actions. Although it contains self-reflection, the emotional movement remains focused on despair and revenge rather than healing, acceptance, or transformative processing.",pilot,
84,"I listened to this discourse with the extremest agony. I, not in deed,
but in effect, was the true murderer. Elizabeth read my anguish in my
countenance, and kindly taking my hand, said, “My dearest friend, you
must calm yourself. These events have affected me, God knows how
deeply; but I am not so wretched as you are. There is an expression of
despair, and sometimes of revenge, in your countenance that makes me
tremble. Dear Victor, banish these dark passions. Remember the
friends around you, who centre all their hopes in you. Have we lost
the power of rendering you happy? Ah! While we love, while we are
true to each other, here in this land of peace and beauty, your native
country, we may reap every tranquil blessing—what can disturb our
peace?” And could not such words from her whom I fondly prized before every
other gift of fortune suffice to chase away the fiend that lurked in my
heart? Even as she spoke I drew near to her, as if in terror, lest at
that very moment the destroyer had been near to rob me of her. Thus not the tenderness of friendship, nor the beauty of earth, nor of
heaven, could redeem my soul from woe; the very accents of love were
ineffectual. I was encompassed by a cloud which no beneficial
influence could penetrate. The wounded deer dragging its fainting
limbs to some untrodden brake, there to gaze upon the arrow which had
pierced it, and to die, was but a type of me.",1,Emotional Catharsis,,3,,"The passage represents emotional catharsis through Victor's expression of guilt and anguish, followed by Elizabeth's compassionate support. The interaction provides emotional regulation and attempts to redirect Victor from despair toward connection and hope.",pilot,
91,"“Abhorred monster! Fiend that thou art! The tortures of hell are too
mild a vengeance for thy crimes. Wretched devil! You reproach me with
your creation, come on, then, that I may extinguish the spark which I
so negligently bestowed.” My rage was without bounds; I sprang on him, impelled by all the
feelings which can arm one being against the existence of another. He easily eluded me and said, “Be calm! I entreat you to hear me before you give vent to your hatred
on my devoted head. Have I not suffered enough, that you seek to
increase my misery? Life, although it may only be an accumulation of
anguish, is dear to me, and I will defend it. Remember, thou hast made
me more powerful than thyself; my height is superior to thine, my
joints more supple. But I will not be tempted to set myself in
opposition to thee. I am thy creature, and I will be even mild and
docile to my natural lord and king if thou wilt also perform thy part,
the which thou owest me. Oh, Frankenstein, be not equitable to every
other and trample upon me alone, to whom thy justice, and even thy
clemency and affection, is most due. Remember that I am thy creature;
I ought to be thy Adam, but I am rather the fallen angel, whom thou
drivest from joy for no misdeed. Everywhere I see bliss, from which I
alone am irrevocably excluded. I was benevolent and good; misery made
me a fiend. Make me happy, and I shall again be virtuous.”",0,,,0,sure,Hard negative: Victor and creature confrontation; creature's misery. Reflection + despair without resolution.,hard_negative,reflection_despair
102,"“Night quickly shut in, but to my extreme wonder, I found that the
cottagers had a means of prolonging light by the use of tapers, and was
delighted to find that the setting of the sun did not put an end to the
pleasure I experienced in watching my human neighbours. In the evening
the young girl and her companion were employed in various occupations
which I did not understand; and the old man again took up the
instrument which produced the divine sounds that had enchanted me in
the morning. So soon as he had finished, the youth began, not to play,
but to utter sounds that were monotonous, and neither resembling the
harmony of the old man’s instrument nor the songs of the birds; I since
found that he read aloud, but at that time I knew nothing of the
science of words or letters. “The family, after having been thus occupied for a short time,
extinguished their lights and retired, as I conjectured, to rest.” Chapter 12 “I lay on my straw, but I could not sleep. I thought of the
occurrences of the day. What chiefly struck me was the gentle manners
of these people, and I longed to join them, but dared not. I
remembered too well the treatment I had suffered the night before from
the barbarous villagers, and resolved, whatever course of conduct I
might hereafter think it right to pursue, that for the present I would
remain quietly in my hovel, watching and endeavouring to discover the
motives which influenced their actions.",0,,,0,sure,"Old man plays instrument; creature observes family. Descriptive observation, no processing.",targeted,music
104,"“A considerable period elapsed before I discovered one of the causes of
the uneasiness of this amiable family: it was poverty, and they
suffered that evil in a very distressing degree. Their nourishment
consisted entirely of the vegetables of their garden and the milk of
one cow, which gave very little during the winter, when its masters
could scarcely procure food to support it. They often, I believe,
suffered the pangs of hunger very poignantly, especially the two
younger cottagers, for several times they placed food before the old
man when they reserved none for themselves. “This trait of kindness moved me sensibly. I had been accustomed,
during the night, to steal a part of their store for my own
consumption, but when I found that in doing this I inflicted pain on
the cottagers, I abstained and satisfied myself with berries, nuts, and
roots which I gathered from a neighbouring wood. “I discovered also another means through which I was enabled to assist
their labours. I found that the youth spent a great part of each day
in collecting wood for the family fire, and during the night I often
took his tools, the use of which I quickly discovered, and brought home
firing sufficient for the consumption of several days. “I remember, the first time that I did this, the young woman, when she
opened the door in the morning, appeared greatly astonished on seeing a great
pile of wood on the outside. She uttered some words in a loud voice, and the
youth joined her, who also expressed surprise. I observed, with pleasure,
that he did not go to the forest that day, but spent it in repairing the
cottage and cultivating the garden.",0,,,0,sure,"Random: Cottagers' poverty and creature's secret help. Descriptive, no processing.",random,random
106,"“I could mention innumerable instances which, although slight, marked
the dispositions of these amiable cottagers. In the midst of poverty
and want, Felix carried with pleasure to his sister the first little
white flower that peeped out from beneath the snowy ground. Early in
the morning, before she had risen, he cleared away the snow that
obstructed her path to the milk-house, drew water from the well, and
brought the wood from the outhouse, where, to his perpetual
astonishment, he found his store always replenished by an invisible
hand. In the day, I believe, he worked sometimes for a neighbouring
farmer, because he often went forth and did not return until dinner,
yet brought no wood with him. At other times he worked in the garden,
but as there was little to do in the frosty season, he read to the old
man and Agatha. “This reading had puzzled me extremely at first, but by degrees I
discovered that he uttered many of the same sounds when he read as when
he talked. I conjectured, therefore, that he found on the paper signs
for speech which he understood, and I ardently longed to comprehend
these also; but how was that possible when I did not even understand
the sounds for which they stood as signs? I improved, however,
sensibly in this science, but not sufficiently to follow up any kind of
conversation, although I applied my whole mind to the endeavour, for I
easily perceived that, although I eagerly longed to discover myself to
the cottagers, I ought not to make the attempt until I had first become
master of their language, which knowledge might enable me to make them
overlook the deformity of my figure, for with this also the contrast
perpetually presented to my eyes had made me acquainted.",0,,,0,sure,"Felix reads aloud; creature observes and wants to learn language. Learning, not therapy.",targeted,reading
108,"“My thoughts now became more active, and I longed to discover the
motives and feelings of these lovely creatures; I was inquisitive to
know why Felix appeared so miserable and Agatha so sad. I thought
(foolish wretch!) that it might be in my power to restore happiness to
these deserving people. When I slept or was absent, the forms of the
venerable blind father, the gentle Agatha, and the excellent Felix
flitted before me. I looked upon them as superior beings who would be
the arbiters of my future destiny. I formed in my imagination a
thousand pictures of presenting myself to them, and their reception of
me. I imagined that they would be disgusted, until, by my gentle
demeanour and conciliating words, I should first win their favour and
afterwards their love. “These thoughts exhilarated me and led me to apply with fresh ardour to
the acquiring the art of language. My organs were indeed harsh, but
supple; and although my voice was very unlike the soft music of their
tones, yet I pronounced such words as I understood with tolerable ease.
It was as the ass and the lap-dog; yet surely the gentle ass whose
intentions were affectionate, although his manners were rude, deserved
better treatment than blows and execration. “The pleasant showers and genial warmth of spring greatly altered the
aspect of the earth. Men who before this change seemed to have been
hid in caves dispersed themselves and were employed in various arts of
cultivation. The birds sang in more cheerful notes, and the leaves
began to bud forth on the trees. Happy, happy earth! Fit habitation
for gods, which, so short a time before, was bleak, damp, and
unwholesome. My spirits were elevated by the enchanting appearance of
nature; the past was blotted from my memory, the present was tranquil,
and the future gilded by bright rays of hope and anticipations of joy.”",0,,,0,unsure,"Creature's thoughts become active, hopes to restore happiness, applies to learning language. Optimism and goal-setting, but no scriptotherapy or reflective processing.",targeted,music
109,"Chapter 13 “I now hasten to the more moving part of my story. I shall relate
events that impressed me with feelings which, from what I had been,
have made me what I am. “Spring advanced rapidly; the weather became fine and the skies
cloudless. It surprised me that what before was desert and gloomy
should now bloom with the most beautiful flowers and verdure. My
senses were gratified and refreshed by a thousand scents of delight and
a thousand sights of beauty. “It was on one of these days, when my cottagers periodically rested
from labour—the old man played on his guitar, and the children
listened to him—that I observed the countenance of Felix was
melancholy beyond expression; he sighed frequently, and once his father
paused in his music, and I conjectured by his manner that he inquired
the cause of his son’s sorrow. Felix replied in a cheerful accent, and
the old man was recommencing his music when someone tapped at the door. “It was a lady on horseback, accompanied by a country-man as a guide.
The lady was dressed in a dark suit and covered with a thick black
veil. Agatha asked a question, to which the stranger only replied by
pronouncing, in a sweet accent, the name of Felix. Her voice was
musical but unlike that of either of my friends. On hearing this word,
Felix came up hastily to the lady, who, when she saw him, threw up her
veil, and I beheld a countenance of angelic beauty and expression. Her
hair of a shining raven black, and curiously braided; her eyes were
dark, but gentle, although animated; her features of a regular
proportion, and her complexion wondrously fair, each cheek tinged with
a lovely pink.",0,,,0,sure,"Music scene with cottagers; creature observes Felix's melancholy and Safie's arrival. No therapeutic processing—music is aesthetic backdrop, not a medium for emotional processing.",targeted,music
111,"“As night came on, Agatha and the Arabian retired early. When they
separated Felix kissed the hand of the stranger and said, ‘Good night
sweet Safie.’ He sat up much longer, conversing with his father, and
by the frequent repetition of her name I conjectured that their lovely
guest was the subject of their conversation. I ardently desired to
understand them, and bent every faculty towards that purpose, but found
it utterly impossible. “The next morning Felix went out to his work, and after the usual
occupations of Agatha were finished, the Arabian sat at the feet of the
old man, and taking his guitar, played some airs so entrancingly
beautiful that they at once drew tears of sorrow and delight from my
eyes. She sang, and her voice flowed in a rich cadence, swelling or
dying away like a nightingale of the woods. “When she had finished, she gave the guitar to Agatha, who at first
declined it. She played a simple air, and her voice accompanied it in
sweet accents, but unlike the wondrous strain of the stranger. The old
man appeared enraptured and said some words which Agatha endeavoured to
explain to Safie, and by which he appeared to wish to express that she
bestowed on him the greatest delight by her music. “The days now passed as peaceably as before, with the sole alteration
that joy had taken place of sadness in the countenances of my friends.
Safie was always gay and happy; she and I improved rapidly in the
knowledge of language, so that in two months I began to comprehend most
of the words uttered by my protectors.",0,,,0,unsure,"Safie's music draws tears from creature, and joy replaces sadness in cottagers. Aesthetic emotional response, but no reflective processing or meaning-making. Borderline—could be seen as music-mediated catharsis, but no explicit therapeutic work.",targeted,music
114,"“I cannot describe to you the agony that these reflections inflicted
upon me; I tried to dispel them, but sorrow only increased with
knowledge. Oh, that I had for ever remained in my native wood, nor
known nor felt beyond the sensations of hunger, thirst, and heat! “Of what a strange nature is knowledge! It clings to the mind when it
has once seized on it like a lichen on the rock. I wished sometimes to
shake off all thought and feeling, but I learned that there was but one
means to overcome the sensation of pain, and that was death—a state
which I feared yet did not understand. I admired virtue and good
feelings and loved the gentle manners and amiable qualities of my
cottagers, but I was shut out from intercourse with them, except
through means which I obtained by stealth, when I was unseen and
unknown, and which rather increased than satisfied the desire I had of
becoming one among my fellows. The gentle words of Agatha and the
animated smiles of the charming Arabian were not for me. The mild
exhortations of the old man and the lively conversation of the loved
Felix were not for me. Miserable, unhappy wretch! “Other lessons were impressed upon me even more deeply. I heard of the
difference of sexes, and the birth and growth of children, how the
father doted on the smiles of the infant, and the lively sallies of the
older child, how all the life and cares of the mother were wrapped up
in the precious charge, how the mind of youth expanded and gained
knowledge, of brother, sister, and all the various relationships which
bind one human being to another in mutual bonds.",1,Narrative Reconstruction,,3,,"The passage represents narrative reconstruction through deep reflection on knowledge, suffering, identity, and social isolation. The speaker examines how experience has shaped his understanding of himself and his desire for connection, although the emotional state remains painful.",pilot,
117,"“The Turk quickly perceived the impression that his daughter had made
on the heart of Felix and endeavoured to secure him more entirely in
his interests by the promise of her hand in marriage so soon as he
should be conveyed to a place of safety. Felix was too delicate to
accept this offer, yet he looked forward to the probability of the
event as to the consummation of his happiness. “During the ensuing days, while the preparations were going forward for
the escape of the merchant, the zeal of Felix was warmed by several
letters that he received from this lovely girl, who found means to
express her thoughts in the language of her lover by the aid of an old
man, a servant of her father who understood French. She thanked him in
the most ardent terms for his intended services towards her parent, and
at the same time she gently deplored her own fate. “I have copies of these letters, for I found means, during my residence
in the hovel, to procure the implements of writing; and the letters
were often in the hands of Felix or Agatha. Before I depart I will
give them to you; they will prove the truth of my tale; but at present,
as the sun is already far declined, I shall only have time to repeat
the substance of them to you. “Safie related that her mother was a Christian Arab, seized and made a
slave by the Turks; recommended by her beauty, she had won the heart of
the father of Safie, who married her. The young girl spoke in high and
enthusiastic terms of her mother, who, born in freedom, spurned the
bondage to which she was now reduced. She instructed her daughter in
the tenets of her religion and taught her to aspire to higher powers of
intellect and an independence of spirit forbidden to the female
followers of Muhammad. This lady died, but her lessons were indelibly
impressed on the mind of Safie, who sickened at the prospect of again
returning to Asia and being immured within the walls of a harem,
allowed only to occupy herself with infantile amusements, ill-suited to
the temper of her soul, now accustomed to grand ideas and a noble
emulation for virtue. The prospect of marrying a Christian and
remaining in a country where women were allowed to take a rank in
society was enchanting to her.",0,,,0,sure,"Safie's letters warm Felix's zeal. Letters as emotional support, but no processing shown.",targeted,writing
121,"“She arrived in safety at a town about twenty leagues from the cottage
of De Lacey, when her attendant fell dangerously ill. Safie nursed her
with the most devoted affection, but the poor girl died, and the
Arabian was left alone, unacquainted with the language of the country
and utterly ignorant of the customs of the world. She fell, however,
into good hands. The Italian had mentioned the name of the spot for
which they were bound, and after her death the woman of the house in
which they had lived took care that Safie should arrive in safety at
the cottage of her lover.” Chapter 15 “Such was the history of my beloved cottagers. It impressed me deeply.
I learned, from the views of social life which it developed, to admire
their virtues and to deprecate the vices of mankind. “As yet I looked upon crime as a distant evil, benevolence and
generosity were ever present before me, inciting within me a desire to
become an actor in the busy scene where so many admirable qualities
were called forth and displayed. But in giving an account of the
progress of my intellect, I must not omit a circumstance which occurred
in the beginning of the month of August of the same year. “One night during my accustomed visit to the neighbouring wood where I
collected my own food and brought home firing for my protectors, I found on
the ground a leathern portmanteau containing several articles of dress and
some books. I eagerly seized the prize and returned with it to my hovel. 
Fortunately the books were written in the language, the elements of which I
had acquired at the cottage; they consisted of _Paradise Lost_, a volume
of _Plutarch’s Lives_, and the _Sorrows of Werter_. The
possession of these treasures gave me extreme delight; I now continually
studied and exercised my mind upon these histories, whilst my friends were
employed in their ordinary occupations.",0,,,0,sure,"Creature finds books; delight in possession. Setup for later reading, not processing itself.",targeted,reading
122,"“I can hardly describe to you the effect of these books. They produced
in me an infinity of new images and feelings, that sometimes raised me
to ecstasy, but more frequently sunk me into the lowest dejection. In
the _Sorrows of Werter_, besides the interest of its simple and affecting
story, so many opinions are canvassed and so many lights thrown upon
what had hitherto been to me obscure subjects that I found in it a
never-ending source of speculation and astonishment. The gentle and
domestic manners it described, combined with lofty sentiments and
feelings, which had for their object something out of self, accorded
well with my experience among my protectors and with the wants which
were for ever alive in my own bosom. But I thought Werter himself a
more divine being than I had ever beheld or imagined; his character
contained no pretension, but it sank deep. The disquisitions upon
death and suicide were calculated to fill me with wonder. I did not
pretend to enter into the merits of the case, yet I inclined towards
the opinions of the hero, whose extinction I wept, without precisely
understanding it. “As I read, however, I applied much personally to my own feelings and
condition. I found myself similar yet at the same time strangely
unlike to the beings concerning whom I read and to whose conversation I
was a listener. I sympathised with and partly understood them, but I
was unformed in mind; I was dependent on none and related to none.
‘The path of my departure was free,’ and there was none to lament my
annihilation. My person was hideous and my stature gigantic. What did
this mean? Who was I? What was I? Whence did I come? What was my
destination? These questions continually recurred, but I was unable to
solve them.",1,Narrative Reconstruction,,3,sure,"Creature reads Werter, Paradise Lost, Plutarch; applies reading to himself: 'Who was I? What was I?' Reading as medium for self-reflection and meaning-making. Clear narrative reconstruction through reading.",targeted,reading
123,"“The volume of _Plutarch’s Lives_ which I possessed contained the
histories of the first founders of the ancient republics. This book
had a far different effect upon me from the _Sorrows of Werter_. I
learned from Werter’s imaginations despondency and gloom, but Plutarch
taught me high thoughts; he elevated me above the wretched sphere of my
own reflections, to admire and love the heroes of past ages. Many
things I read surpassed my understanding and experience. I had a very
confused knowledge of kingdoms, wide extents of country, mighty rivers,
and boundless seas. But I was perfectly unacquainted with towns and
large assemblages of men. The cottage of my protectors had been the
only school in which I had studied human nature, but this book
developed new and mightier scenes of action. I read of men concerned
in public affairs, governing or massacring their species. I felt the
greatest ardour for virtue rise within me, and abhorrence for vice, as
far as I understood the signification of those terms, relative as they
were, as I applied them, to pleasure and pain alone. Induced by these
feelings, I was of course led to admire peaceable lawgivers, Numa,
Solon, and Lycurgus, in preference to Romulus and Theseus. The
patriarchal lives of my protectors caused these impressions to take a
firm hold on my mind; perhaps, if my first introduction to humanity had
been made by a young soldier, burning for glory and slaughter, I should
have been imbued with different sensations. “But _Paradise Lost_ excited different and far deeper emotions. I read
it, as I had read the other volumes which had fallen into my hands, as
a true history. It moved every feeling of wonder and awe that the
picture of an omnipotent God warring with his creatures was capable of
exciting. I often referred the several situations, as their similarity
struck me, to my own. Like Adam, I was apparently united by no link to
any other being in existence; but his state was far different from mine
in every other respect. He had come forth from the hands of God a
perfect creature, happy and prosperous, guarded by the especial care of
his Creator; he was allowed to converse with and acquire knowledge from
beings of a superior nature, but I was wretched, helpless, and alone.
Many times I considered Satan as the fitter emblem of my condition, for
often, like him, when I viewed the bliss of my protectors, the bitter
gall of envy rose within me.",1,Narrative Reconstruction,,4,,"The passage represents narrative reconstruction through self-education and moral reflection. The creature describes how literature transforms his understanding of humanity, virtue, and his own identity. The movement from despair toward higher thoughts demonstrates a strong process of psychological and intellectual development.",pilot,
124,"“Another circumstance strengthened and confirmed these feelings. Soon
after my arrival in the hovel I discovered some papers in the pocket of
the dress which I had taken from your laboratory. At first I had
neglected them, but now that I was able to decipher the characters in
which they were written, I began to study them with diligence. It was
your journal of the four months that preceded my creation. You
minutely described in these papers every step you took in the progress
of your work; this history was mingled with accounts of domestic
occurrences. You doubtless recollect these papers. Here they are.
Everything is related in them which bears reference to my accursed
origin; the whole detail of that series of disgusting circumstances
which produced it is set in view; the minutest description of my odious
and loathsome person is given, in language which painted your own
horrors and rendered mine indelible. I sickened as I read. ‘Hateful
day when I received life!’ I exclaimed in agony. ‘Accursed creator!
Why did you form a monster so hideous that even _you_ turned from me in
disgust? God, in pity, made man beautiful and alluring, after his own
image; but my form is a filthy type of yours, more horrid even from the
very resemblance. Satan had his companions, fellow devils, to admire
and encourage him, but I am solitary and abhorred.’ “These were the reflections of my hours of despondency and solitude;
but when I contemplated the virtues of the cottagers, their amiable and
benevolent dispositions, I persuaded myself that when they should
become acquainted with my admiration of their virtues they would
compassionate me and overlook my personal deformity. Could they turn
from their door one, however monstrous, who solicited their compassion
and friendship? I resolved, at least, not to despair, but in every way
to fit myself for an interview with them which would decide my fate. I
postponed this attempt for some months longer, for the importance
attached to its success inspired me with a dread lest I should fail.
Besides, I found that my understanding improved so much with every
day’s experience that I was unwilling to commence this undertaking
until a few more months should have added to my sagacity.",0,,,0,unsure,"Creature reads Victor's journal; 'I sickened as I read.' Reading causes distress, not therapy. Reflections follow but lead to despair, not resolution.",targeted,writing
125,"“Several changes, in the meantime, took place in the cottage. The
presence of Safie diffused happiness among its inhabitants, and I also
found that a greater degree of plenty reigned there. Felix and Agatha
spent more time in amusement and conversation, and were assisted in
their labours by servants. They did not appear rich, but they were
contented and happy; their feelings were serene and peaceful, while
mine became every day more tumultuous. Increase of knowledge only
discovered to me more clearly what a wretched outcast I was. I
cherished hope, it is true, but it vanished when I beheld my person
reflected in water or my shadow in the moonshine, even as that frail
image and that inconstant shade. “I endeavoured to crush these fears and to fortify myself for the trial
which in a few months I resolved to undergo; and sometimes I allowed my
thoughts, unchecked by reason, to ramble in the fields of Paradise, and
dared to fancy amiable and lovely creatures sympathising with my
feelings and cheering my gloom; their angelic countenances breathed
smiles of consolation. But it was all a dream; no Eve soothed my
sorrows nor shared my thoughts; I was alone. I remembered Adam’s
supplication to his Creator. But where was mine? He had abandoned me,
and in the bitterness of my heart I cursed him. “Autumn passed thus. I saw, with surprise and grief, the leaves decay
and fall, and nature again assume the barren and bleak appearance it
had worn when I first beheld the woods and the lovely moon. Yet I did
not heed the bleakness of the weather; I was better fitted by my
conformation for the endurance of cold than heat. But my chief
delights were the sight of the flowers, the birds, and all the gay
apparel of summer; when those deserted me, I turned with more attention
towards the cottagers. Their happiness was not decreased by the
absence of summer. They loved and sympathised with one another; and
their joys, depending on each other, were not interrupted by the
casualties that took place around them. The more I saw of them, the
greater became my desire to claim their protection and kindness; my
heart yearned to be known and loved by these amiable creatures; to see
their sweet looks directed towards me with affection was the utmost
limit of my ambition. I dared not think that they would turn them from
me with disdain and horror. The poor that stopped at their door were
never driven away. I asked, it is true, for greater treasures than a
little food or rest: I required kindness and sympathy; but I did not
believe myself utterly unworthy of it.",0,,,0,,"The passage presents deep self-reflection and emotional awareness as the Creature compares human happiness with his own isolation. However, this reflection leads to increased despair and identity conflict rather than healing, emotional processing, or transformative growth.",pilot,
126,"“The winter advanced, and an entire revolution of the seasons had taken
place since I awoke into life. My attention at this time was solely
directed towards my plan of introducing myself into the cottage of my
protectors. I revolved many projects, but that on which I finally
fixed was to enter the dwelling when the blind old man should be alone.
I had sagacity enough to discover that the unnatural hideousness of my
person was the chief object of horror with those who had formerly
beheld me. My voice, although harsh, had nothing terrible in it; I
thought, therefore, that if in the absence of his children I could gain
the good will and mediation of the old De Lacey, I might by his means
be tolerated by my younger protectors. “One day, when the sun shone on the red leaves that strewed the ground
and diffused cheerfulness, although it denied warmth, Safie, Agatha,
and Felix departed on a long country walk, and the old man, at his own
desire, was left alone in the cottage. When his children had departed,
he took up his guitar and played several mournful but sweet airs, more
sweet and mournful than I had ever heard him play before. At first his
countenance was illuminated with pleasure, but as he continued,
thoughtfulness and sadness succeeded; at length, laying aside the
instrument, he sat absorbed in reflection. “My heart beat quick; this was the hour and moment of trial, which
would decide my hopes or realise my fears. The servants were gone to a
neighbouring fair. All was silent in and around the cottage; it was an
excellent opportunity; yet, when I proceeded to execute my plan, my
limbs failed me and I sank to the ground. Again I rose, and exerting
all the firmness of which I was master, removed the planks which I had
placed before my hovel to conceal my retreat. The fresh air revived
me, and with renewed determination I approached the door of their
cottage.",0,,,0,sure,Old man plays guitar and reflects; creature prepares to approach cottage. No therapeutic processing.,targeted,music
127,"“I knocked. ‘Who is there?’ said the old man. ‘Come in.’ “I entered. ‘Pardon this intrusion,’ said I; ‘I am
a traveller in want of a little rest; you would greatly oblige me if you
would allow me to remain a few minutes before the fire.’ “‘Enter,’ said De Lacey, ‘and I will try in what
manner I can to relieve your wants; but, unfortunately, my children are
from home, and as I am blind, I am afraid I shall find it difficult to
procure food for you.’ “‘Do not trouble yourself, my kind host; I have food; it is
warmth and rest only that I need.’ “I sat down, and a silence ensued. I knew that every minute was
precious to me, yet I remained irresolute in what manner to commence
the interview, when the old man addressed me. ‘By your language, stranger, I suppose you are my countryman; are you
French?’ “‘No; but I was educated by a French family and understand that
language only. I am now going to claim the protection of some friends,
whom I sincerely love, and of whose favour I have some hopes.’ “‘Are they Germans?’ “‘No, they are French. But let us change the subject. I am an
unfortunate and deserted creature, I look around and I have no relation
or friend upon earth. These amiable people to whom I go have never
seen me and know little of me. I am full of fears, for if I fail
there, I am an outcast in the world for ever.’",0,,,0,,"The passage represents a compassionate social interaction between the Creature and De Lacey. Although kindness and human connection are present, the passage does not show emotional processing, healing, or transformation.",pilot,
141,"Chapter 17 The being finished speaking and fixed his looks upon me in the
expectation of a reply. But I was bewildered, perplexed, and unable to
arrange my ideas sufficiently to understand the full extent of his
proposition. He continued, “You must create a female for me with whom I can live in the
interchange of those sympathies necessary for my being. This you alone
can do, and I demand it of you as a right which you must not refuse to
concede.” The latter part of his tale had kindled anew in me the anger that had
died away while he narrated his peaceful life among the cottagers, and
as he said this I could no longer suppress the rage that burned within
me. “I do refuse it,” I replied; “and no torture shall ever extort a
consent from me. You may render me the most miserable of men, but you
shall never make me base in my own eyes. Shall I create another like
yourself, whose joint wickedness might desolate the world. Begone! I
have answered you; you may torture me, but I will never consent.” “You are in the wrong,” replied the fiend; “and instead
of threatening, I am content to reason with you. I am malicious because I
am miserable. Am I not shunned and hated by all mankind? You, my creator,
would tear me to pieces and triumph; remember that, and tell me why I
should pity man more than he pities me? You would not call it murder if you
could precipitate me into one of those ice-rifts and destroy my frame, the
work of your own hands. Shall I respect man when he condemns me? Let him
live with me in the interchange of kindness, and instead of injury I would
bestow every benefit upon him with tears of gratitude at his acceptance.
But that cannot be; the human senses are insurmountable barriers to our
union. Yet mine shall not be the submission of abject slavery. I will
revenge my injuries; if I cannot inspire love, I will cause fear, and
chiefly towards you my arch-enemy, because my creator, do I swear
inextinguishable hatred. Have a care; I will work at your destruction, nor
finish until I desolate your heart, so that you shall curse the hour of
your birth.”",0,,,0,,"The passage presents an emotional confrontation between Victor and the Creature involving loneliness, desire for sympathy, anger, and rejection. Although the characters express personal needs and emotions, the interaction results in conflict rather than emotional processing, healing, or transformative understanding.",pilot,
144,"His words had a strange effect upon me. I compassionated him and
sometimes felt a wish to console him, but when I looked upon him, when
I saw the filthy mass that moved and talked, my heart sickened and my
feelings were altered to those of horror and hatred. I tried to stifle
these sensations; I thought that as I could not sympathise with him, I
had no right to withhold from him the small portion of happiness which
was yet in my power to bestow. “You swear,” I said, “to be harmless; but have you not
already shown a degree of malice that should reasonably make me distrust
you? May not even this be a feint that will increase your triumph by
affording a wider scope for your revenge?” “How is this? I must not be trifled with, and I demand an answer. If
I have no ties and no affections, hatred and vice must be my portion;
the love of another will destroy the cause of my crimes, and I shall
become a thing of whose existence everyone will be ignorant. My vices
are the children of a forced solitude that I abhor, and my virtues will
necessarily arise when I live in communion with an equal. I shall feel
the affections of a sensitive being and become linked to the chain of
existence and events from which I am now excluded.” I paused some time to reflect on all he had related and the various
arguments which he had employed. I thought of the promise of virtues which
he had displayed on the opening of his existence and the subsequent blight
of all kindly feeling by the loathing and scorn which his protectors had
manifested towards him. His power and threats were not omitted in my
calculations; a creature who could exist in the ice-caves of the glaciers
and hide himself from pursuit among the ridges of inaccessible precipices
was a being possessing faculties it would be vain to cope with. After a
long pause of reflection I concluded that the justice due both to him and
my fellow creatures demanded of me that I should comply with his request.
Turning to him, therefore, I said,",0,,,0,sure,"Hard negative: Victor pities creature, wants to console, but cannot sympathize. Ambivalent support, no catharsis.",hard_negative,support
151,"It was in the latter end of September that I again quitted my native
country. My journey had been my own suggestion, and Elizabeth
therefore acquiesced, but she was filled with disquiet at the idea of
my suffering, away from her, the inroads of misery and grief. It had
been her care which provided me a companion in Clerval—and yet a man
is blind to a thousand minute circumstances which call forth a woman’s
sedulous attention. She longed to bid me hasten my return; a thousand
conflicting emotions rendered her mute as she bade me a tearful, silent
farewell. I threw myself into the carriage that was to convey me away, hardly
knowing whither I was going, and careless of what was passing around.
I remembered only, and it was with a bitter anguish that I reflected on
it, to order that my chemical instruments should be packed to go with
me. Filled with dreary imaginations, I passed through many beautiful
and majestic scenes, but my eyes were fixed and unobserving. I could
only think of the bourne of my travels and the work which was to occupy
me whilst they endured. After some days spent in listless indolence, during which I traversed
many leagues, I arrived at Strasburgh, where I waited two days for
Clerval. He came. Alas, how great was the contrast between us! He
was alive to every new scene, joyful when he saw the beauties of the
setting sun, and more happy when he beheld it rise and recommence a new
day. He pointed out to me the shifting colours of the landscape and
the appearances of the sky. “This is what it is to live,” he cried;
“now I enjoy existence! But you, my dear Frankenstein, wherefore are
you desponding and sorrowful!” In truth, I was occupied by gloomy
thoughts and neither saw the descent of the evening star nor the golden
sunrise reflected in the Rhine. And you, my friend, would be far more
amused with the journal of Clerval, who observed the scenery with an
eye of feeling and delight, than in listening to my reflections. I, a
miserable wretch, haunted by a curse that shut up every avenue to
enjoyment.",0,,,0,,"The passage presents Victor's emotional suffering, grief, and withdrawal during his separation from Elizabeth. Although it includes interpersonal care and concern, Victor remains trapped in despair and obsessive thoughts rather than engaging in emotional processing, healing, or transformative reflection.",pilot,
152,"We had agreed to descend the Rhine in a boat from Strasburgh to
Rotterdam, whence we might take shipping for London. During this
voyage we passed many willowy islands and saw several beautiful towns.
We stayed a day at Mannheim, and on the fifth from our departure from
Strasburgh, arrived at Mainz. The course of the Rhine below Mainz
becomes much more picturesque. The river descends rapidly and winds
between hills, not high, but steep, and of beautiful forms. We saw
many ruined castles standing on the edges of precipices, surrounded by
black woods, high and inaccessible. This part of the Rhine, indeed,
presents a singularly variegated landscape. In one spot you view
rugged hills, ruined castles overlooking tremendous precipices, with
the dark Rhine rushing beneath; and on the sudden turn of a promontory,
flourishing vineyards with green sloping banks and a meandering river
and populous towns occupy the scene. We travelled at the time of the vintage and heard the song of the labourers
as we glided down the stream. Even I, depressed in mind, and my spirits
continually agitated by gloomy feelings, even I was pleased. I lay at the
bottom of the boat, and as I gazed on the cloudless blue sky, I seemed to
drink in a tranquillity to which I had long been a stranger. And if these
were my sensations, who can describe those of Henry? He felt as if he had
been transported to Fairy-land and enjoyed a happiness seldom tasted by
man. “I have seen,” he said, “the most beautiful scenes
of my own country; I have visited the lakes of Lucerne and Uri, where the
snowy mountains descend almost perpendicularly to the water, casting black
and impenetrable shades, which would cause a gloomy and mournful appearance
were it not for the most verdant islands that relieve the eye by their gay
appearance; I have seen this lake agitated by a tempest, when the wind tore
up whirlwinds of water and gave you an idea of what the water-spout must be
on the great ocean; and the waves dash with fury the base of the mountain,
where the priest and his mistress were overwhelmed by an avalanche and
where their dying voices are still said to be heard amid the pauses of the
nightly wind; I have seen the mountains of La Valais, and the Pays de Vaud;
but this country, Victor, pleases me more than all those wonders. The
mountains of Switzerland are more majestic and strange, but there is a
charm in the banks of this divine river that I never before saw equalled.
Look at that castle which overhangs yon precipice; and that also on the
island, almost concealed amongst the foliage of those lovely trees; and now
that group of labourers coming from among their vines; and that village
half hid in the recess of the mountain. Oh, surely the spirit that inhabits
and guards this place has a soul more in harmony with man than those who
pile the glacier or retire to the inaccessible peaks of the mountains of
our own country.”",0,,,0,sure,"Rhine journey; Victor feels momentary tranquillity from nature and song of labourers. Nature-induced calm, not scriptotherapy.",targeted,music
153,"Clerval! Beloved friend! Even now it delights me to record your words and
to dwell on the praise of which you are so eminently deserving. He was a
being formed in the “very poetry of nature.” His wild and
enthusiastic imagination was chastened by the sensibility of his heart. His
soul overflowed with ardent affections, and his friendship was of that
devoted and wondrous nature that the worldly-minded teach us to look for only
in the imagination. But even human sympathies were not sufficient to
satisfy his eager mind. The scenery of external nature, which others regard
only with admiration, he loved with ardour:— ——The sounding cataract
    Haunted him like a passion: the tall rock,
    The mountain, and the deep and gloomy wood,
    Their colours and their forms, were then to him
    An appetite; a feeling, and a love,
    That had no need of a remoter charm,
    By thought supplied, or any interest
    Unborrow’d from the eye. [Wordsworth’s “Tintern Abbey”.] And where does he now exist? Is this gentle and lovely being lost
for ever? Has this mind, so replete with ideas, imaginations fanciful
and magnificent, which formed a world, whose existence depended on the
life of its creator;—has this mind perished? Does it now only exist
in my memory? No, it is not thus; your form so divinely wrought, and
beaming with beauty, has decayed, but your spirit still visits and
consoles your unhappy friend. Pardon this gush of sorrow; these ineffectual words are but a slight
tribute to the unexampled worth of Henry, but they soothe my heart,
overflowing with the anguish which his remembrance creates. I will
proceed with my tale.",1,Emotional Catharsis,,4,,"The passage represents emotional catharsis through Victor's remembrance and appreciation of Clerval. By expressing admiration, affection, and the emotional significance of friendship, the passage transforms grief into a reflective acknowledgement of human connection.",pilot,
155,"But in Clerval I saw the image of my former self; he was inquisitive
and anxious to gain experience and instruction. The difference of
manners which he observed was to him an inexhaustible source of
instruction and amusement. He was also pursuing an object he had long
had in view. His design was to visit India, in the belief that he had
in his knowledge of its various languages, and in the views he had
taken of its society, the means of materially assisting the progress of
European colonization and trade. In Britain only could he further the
execution of his plan. He was for ever busy, and the only check to his
enjoyments was my sorrowful and dejected mind. I tried to conceal this
as much as possible, that I might not debar him from the pleasures
natural to one who was entering on a new scene of life, undisturbed by
any care or bitter recollection. I often refused to accompany him,
alleging another engagement, that I might remain alone. I now also
began to collect the materials necessary for my new creation, and this
was to me like the torture of single drops of water continually falling
on the head. Every thought that was devoted to it was an extreme
anguish, and every word that I spoke in allusion to it caused my lips
to quiver, and my heart to palpitate. After passing some months in London, we received a letter from a person in
Scotland who had formerly been our visitor at Geneva. He mentioned the
beauties of his native country and asked us if those were not sufficient
allurements to induce us to prolong our journey as far north as Perth,
where he resided. Clerval eagerly desired to accept this invitation, and I,
although I abhorred society, wished to view again mountains and streams and
all the wondrous works with which Nature adorns her chosen dwelling-places.",1,Narrative Reconstruction,,3,,"The passage represents narrative reconstruction through interpersonal reflection. Victor views Clerval as a reflection of his former identity and recognises the contrast between his previous self and his current sorrowful state. The passage shows self-understanding, although healing is not yet achieved.",pilot,
156,"We had arrived in England at the beginning of October, and it was now
February. We accordingly determined to commence our journey towards the
north at the expiration of another month. In this expedition we did not
intend to follow the great road to Edinburgh, but to visit Windsor, Oxford,
Matlock, and the Cumberland lakes, resolving to arrive at the completion of
this tour about the end of July. I packed up my chemical instruments and
the materials I had collected, resolving to finish my labours in some
obscure nook in the northern highlands of Scotland. We quitted London on the 27th of March and remained a few days at
Windsor, rambling in its beautiful forest. This was a new scene to us
mountaineers; the majestic oaks, the quantity of game, and the herds of
stately deer were all novelties to us. From thence we proceeded to Oxford. As we entered this city, our minds
were filled with the remembrance of the events that had been transacted
there more than a century and a half before. It was here that Charles
I. had collected his forces. This city had remained faithful to him,
after the whole nation had forsaken his cause to join the standard of
Parliament and liberty. The memory of that unfortunate king and his
companions, the amiable Falkland, the insolent Goring, his queen, and
son, gave a peculiar interest to every part of the city which they
might be supposed to have inhabited. The spirit of elder days found a
dwelling here, and we delighted to trace its footsteps. If these
feelings had not found an imaginary gratification, the appearance of
the city had yet in itself sufficient beauty to obtain our admiration.
The colleges are ancient and picturesque; the streets are almost
magnificent; and the lovely Isis, which flows beside it through meadows
of exquisite verdure, is spread forth into a placid expanse of waters,
which reflects its majestic assemblage of towers, and spires, and
domes, embosomed among aged trees.",0,,,0,sure,"Random: Travel narrative, Oxford. Descriptive, no processing.",random,random
157,"I enjoyed this scene, and yet my enjoyment was embittered both by the
memory of the past and the anticipation of the future. I was formed
for peaceful happiness. During my youthful days discontent never
visited my mind, and if I was ever overcome by _ennui_, the sight of what
is beautiful in nature or the study of what is excellent and sublime in
the productions of man could always interest my heart and communicate
elasticity to my spirits. But I am a blasted tree; the bolt has
entered my soul; and I felt then that I should survive to exhibit what
I shall soon cease to be—a miserable spectacle of wrecked humanity,
pitiable to others and intolerable to myself. We passed a considerable period at Oxford, rambling among its environs
and endeavouring to identify every spot which might relate to the most
animating epoch of English history. Our little voyages of discovery
were often prolonged by the successive objects that presented
themselves. We visited the tomb of the illustrious Hampden and the
field on which that patriot fell. For a moment my soul was elevated
from its debasing and miserable fears to contemplate the divine ideas
of liberty and self-sacrifice of which these sights were the monuments
and the remembrancers. For an instant I dared to shake off my chains
and look around me with a free and lofty spirit, but the iron had eaten
into my flesh, and I sank again, trembling and hopeless, into my
miserable self.",0,,,0,,"The passage presents deep self-reflection about past happiness, present suffering, and future anxiety. Although Victor reconstructs aspects of his identity, the reflection reinforces despair and a sense of personal destruction rather than healing, acceptance, or transformative growth.",pilot,
166,"“You have destroyed the work which you began; what is it that you
intend? Do you dare to break your promise? I have endured toil and misery;
I left Switzerland with you; I crept along the shores of the Rhine, among
its willow islands and over the summits of its hills. I have dwelt many
months in the heaths of England and among the deserts of Scotland. I have
endured incalculable fatigue, and cold, and hunger; do you dare destroy my
hopes?” “Begone! I do break my promise; never will I create another like
yourself, equal in deformity and wickedness.” “Slave, I before reasoned with you, but you have proved yourself
unworthy of my condescension. Remember that I have power; you believe
yourself miserable, but I can make you so wretched that the light of
day will be hateful to you. You are my creator, but I am your master;
obey!” “The hour of my irresolution is past, and the period of your power is
arrived. Your threats cannot move me to do an act of wickedness; but
they confirm me in a determination of not creating you a companion in
vice. Shall I, in cool blood, set loose upon the earth a dæmon whose
delight is in death and wretchedness? Begone! I am firm, and your
words will only exasperate my rage.” The monster saw my determination in my face and gnashed his teeth in the
impotence of anger. “Shall each man,” cried he, “find a
wife for his bosom, and each beast have his mate, and I be alone? I had
feelings of affection, and they were requited by detestation and scorn.
Man! You may hate, but beware! Your hours will pass in dread and misery,
and soon the bolt will fall which must ravish from you your happiness for
ever. Are you to be happy while I grovel in the intensity of my
wretchedness? You can blast my other passions, but revenge
remains—revenge, henceforth dearer than light or food! I may die, but
first you, my tyrant and tormentor, shall curse the sun that gazes on your
misery. Beware, for I am fearless and therefore powerful. I will watch with
the wiliness of a snake, that I may sting with its venom. Man, you shall
repent of the injuries you inflict.”",0,,,0,sure,Hard negative: Creature's rage and threats; reflection + despair without resolution. Matches rule.,hard_negative,reflection_despair
167,"“Devil, cease; and do not poison the air with these sounds of malice.
I have declared my resolution to you, and I am no coward to bend
beneath words. Leave me; I am inexorable.” “It is well. I go; but remember, I shall be with you on your
wedding-night.” I started forward and exclaimed, “Villain! Before you sign my
death-warrant, be sure that you are yourself safe.” I would have seized him, but he eluded me and quitted the house with
precipitation. In a few moments I saw him in his boat, which shot
across the waters with an arrowy swiftness and was soon lost amidst the
waves. All was again silent, but his words rang in my ears. I burned with rage to
pursue the murderer of my peace and precipitate him into the ocean. I
walked up and down my room hastily and perturbed, while my imagination
conjured up a thousand images to torment and sting me. Why had I not
followed him and closed with him in mortal strife? But I had suffered him
to depart, and he had directed his course towards the mainland. I shuddered
to think who might be the next victim sacrificed to his insatiate revenge.
And then I thought again of his words—“_I will be with you on
your wedding-night._” That, then, was the period fixed for the
fulfilment of my destiny. In that hour I should die and at once satisfy and
extinguish his malice. The prospect did not move me to fear; yet when I
thought of my beloved Elizabeth, of her tears and endless sorrow, when she
should find her lover so barbarously snatched from her, tears, the first I
had shed for many months, streamed from my eyes, and I resolved not to fall
before my enemy without a bitter struggle.",0,,,0,,"The passage presents intense anger, hatred, and desire for revenge following Victor's confrontation with the Creature. Although it contains emotional expression and reflection, the narrative movement is toward retaliation and psychological distress rather than healing, acceptance, or transformative processing.",pilot,
176,"Mr. Kirwin, on hearing this evidence, desired that I should be taken into
the room where the body lay for interment, that it might be observed what
effect the sight of it would produce upon me. This idea was probably
suggested by the extreme agitation I had exhibited when the mode of the
murder had been described. I was accordingly conducted, by the magistrate
and several other persons, to the inn. I could not help being struck by the
strange coincidences that had taken place during this eventful night; but,
knowing that I had been conversing with several persons in the island I had
inhabited about the time that the body had been found, I was perfectly
tranquil as to the consequences of the affair. I entered the room where the corpse lay and was led up to the coffin. How
can I describe my sensations on beholding it? I feel yet parched with
horror, nor can I reflect on that terrible moment without shuddering and
agony. The examination, the presence of the magistrate and witnesses,
passed like a dream from my memory when I saw the lifeless form of Henry
Clerval stretched before me. I gasped for breath, and throwing myself on
the body, I exclaimed, “Have my murderous machinations deprived you
also, my dearest Henry, of life? Two I have already destroyed; other
victims await their destiny; but you, Clerval, my friend, my
benefactor—” The human frame could no longer support the agonies that I endured, and
I was carried out of the room in strong convulsions.",0,,,0,sure,"Random: Victor sees Clerval's corpse, convulsions. Pure trauma, no processing.",random,random
177,"A fever succeeded to this. I lay for two months on the point of death; my
ravings, as I afterwards heard, were frightful; I called myself the
murderer of William, of Justine, and of Clerval. Sometimes I entreated my
attendants to assist me in the destruction of the fiend by whom I was
tormented; and at others I felt the fingers of the monster already grasping
my neck, and screamed aloud with agony and terror. Fortunately, as I spoke
my native language, Mr. Kirwin alone understood me; but my gestures and
bitter cries were sufficient to affright the other witnesses. Why did I not die? More miserable than man ever was before, why did I not
sink into forgetfulness and rest? Death snatches away many blooming
children, the only hopes of their doting parents; how many brides and
youthful lovers have been one day in the bloom of health and hope, and the
next a prey for worms and the decay of the tomb! Of what materials was I
made that I could thus resist so many shocks, which, like the turning of
the wheel, continually renewed the torture? But I was doomed to live and in two months found myself as awaking from
a dream, in a prison, stretched on a wretched bed, surrounded by
gaolers, turnkeys, bolts, and all the miserable apparatus of a dungeon.
It was morning, I remember, when I thus awoke to understanding; I had
forgotten the particulars of what had happened and only felt as if some
great misfortune had suddenly overwhelmed me; but when I looked around
and saw the barred windows and the squalidness of the room in which I
was, all flashed across my memory and I groaned bitterly.",0,,,0,,"The passage presents severe psychological suffering, trauma, and guilt following multiple deaths. Although Victor expresses his emotions and recognizes his responsibility, the narrative remains focused on despair, fear, and self-condemnation rather than emotional processing, healing, or transformative understanding.",pilot,
179,"As the images that floated before me became more distinct, I grew
feverish; a darkness pressed around me; no one was near me who soothed
me with the gentle voice of love; no dear hand supported me. The
physician came and prescribed medicines, and the old woman prepared
them for me; but utter carelessness was visible in the first, and the
expression of brutality was strongly marked in the visage of the
second. Who could be interested in the fate of a murderer but the
hangman who would gain his fee? These were my first reflections, but I soon learned that Mr. Kirwin had
shown me extreme kindness. He had caused the best room in the prison
to be prepared for me (wretched indeed was the best); and it was he who
had provided a physician and a nurse. It is true, he seldom came to
see me, for although he ardently desired to relieve the sufferings of
every human creature, he did not wish to be present at the agonies and
miserable ravings of a murderer. He came, therefore, sometimes to see
that I was not neglected, but his visits were short and with long
intervals. One day, while I was gradually recovering, I was seated in a chair, my eyes
half open and my cheeks livid like those in death. I was overcome by gloom
and misery and often reflected I had better seek death than desire to
remain in a world which to me was replete with wretchedness. At one time I
considered whether I should not declare myself guilty and suffer the
penalty of the law, less innocent than poor Justine had been. Such were my
thoughts when the door of my apartment was opened and Mr. Kirwin entered.
His countenance expressed sympathy and compassion; he drew a chair close to
mine and addressed me in French,",0,,,0,sure,Hard negative: Kirwin shows kindness; Victor remains in despair. Support received but no therapeutic outcome.,hard_negative,support
180,"“I fear that this place is very shocking to you; can I do anything to
make you more comfortable?” “I thank you, but all that you mention is nothing to me; on the whole
earth there is no comfort which I am capable of receiving.” “I know that the sympathy of a stranger can be but of little relief to
one borne down as you are by so strange a misfortune. But you will, I
hope, soon quit this melancholy abode, for doubtless evidence can
easily be brought to free you from the criminal charge.” “That is my least concern; I am, by a course of strange events, become
the most miserable of mortals. Persecuted and tortured as I am and
have been, can death be any evil to me?” “Nothing indeed could be more unfortunate and agonising than the
strange chances that have lately occurred. You were thrown, by some
surprising accident, on this shore, renowned for its hospitality,
seized immediately, and charged with murder. The first sight that was
presented to your eyes was the body of your friend, murdered in so
unaccountable a manner and placed, as it were, by some fiend across
your path.” As Mr. Kirwin said this, notwithstanding the agitation I endured on
this retrospect of my sufferings, I also felt considerable surprise at
the knowledge he seemed to possess concerning me. I suppose some
astonishment was exhibited in my countenance, for Mr. Kirwin hastened
to say, “Immediately upon your being taken ill, all the papers that were on
your person were brought me, and I examined them that I might discover some
trace by which I could send to your relations an account of your misfortune
and illness. I found several letters, and, among others, one which I
discovered from its commencement to be from your father. I instantly wrote
to Geneva; nearly two months have elapsed since the departure of my letter.
But you are ill; even now you tremble; you are unfit for agitation of any
kind.”",0,,,0,sure,Hard negative: Kirwin offers comfort; Victor rejects. Support without processing.,hard_negative,support
185,"Still, as I urged our leaving Ireland with such inquietude and impatience,
my father thought it best to yield. We took our passage on board a vessel
bound for Havre-de-Grace and sailed with a fair wind from the Irish shores.
It was midnight. I lay on the deck looking at the stars and listening to
the dashing of the waves. I hailed the darkness that shut Ireland from my
sight, and my pulse beat with a feverish joy when I reflected that I should
soon see Geneva. The past appeared to me in the light of a frightful dream;
yet the vessel in which I was, the wind that blew me from the detested
shore of Ireland, and the sea which surrounded me, told me too forcibly
that I was deceived by no vision and that Clerval, my friend and dearest
companion, had fallen a victim to me and the monster of my creation. I
repassed, in my memory, my whole life; my quiet happiness while residing
with my family in Geneva, the death of my mother, and my departure for
Ingolstadt. I remembered, shuddering, the mad enthusiasm that hurried me on
to the creation of my hideous enemy, and I called to mind the night in
which he first lived. I was unable to pursue the train of thought; a
thousand feelings pressed upon me, and I wept bitterly. Ever since my recovery from the fever, I had been in the custom of taking
every night a small quantity of laudanum, for it was by means of this drug
only that I was enabled to gain the rest necessary for the preservation of
life. Oppressed by the recollection of my various misfortunes, I now
swallowed double my usual quantity and soon slept profoundly. But sleep did
not afford me respite from thought and misery; my dreams presented a
thousand objects that scared me. Towards morning I was possessed by a kind
of nightmare; I felt the fiend’s grasp in my neck and could not free
myself from it; groans and cries rang in my ears. My father, who was
watching over me, perceiving my restlessness, awoke me; the dashing waves
were around, the cloudy sky above, the fiend was not here: a sense of
security, a feeling that a truce was established between the present hour
and the irresistible, disastrous future imparted to me a kind of calm
forgetfulness, of which the human mind is by its structure peculiarly
susceptible.",1,Narrative Reconstruction,,3,,"The passage represents narrative reconstruction through Victor's recollection of significant life events, including family memories, loss, and personal responsibility. Although dominated by guilt and suffering, the act of reviewing his life history reflects an attempt to process trauma and understand his experiences.",pilot,
190,"“Do not let this letter disturb you; do not answer tomorrow, or the
next day, or even until you come, if it will give you pain. My uncle
will send me news of your health, and if I see but one smile on your
lips when we meet, occasioned by this or any other exertion of mine, I
shall need no other happiness. “Elizabeth Lavenza. “Geneva, May 18th, 17—” This letter revived in my memory what I had before forgotten, the threat of
the fiend—“_I will be with you on your
wedding-night!_” Such was my sentence, and on that night would the
dæmon employ every art to destroy me and tear me from the glimpse of
happiness which promised partly to console my sufferings. On that night he
had determined to consummate his crimes by my death. Well, be it so; a
deadly struggle would then assuredly take place, in which if he were
victorious I should be at peace and his power over me be at an end. If he
were vanquished, I should be a free man. Alas! What freedom? Such as the
peasant enjoys when his family have been massacred before his eyes, his
cottage burnt, his lands laid waste, and he is turned adrift, homeless,
penniless, and alone, but free. Such would be my liberty except that in my
Elizabeth I possessed a treasure, alas, balanced by those horrors of
remorse and guilt which would pursue me until death. Sweet and beloved Elizabeth! I read and reread her letter, and some
softened feelings stole into my heart and dared to whisper paradisiacal
dreams of love and joy; but the apple was already eaten, and the
angel’s arm bared to drive me from all hope. Yet I would die to make
her happy. If the monster executed his threat, death was inevitable; yet,
again, I considered whether my marriage would hasten my fate. My
destruction might indeed arrive a few months sooner, but if my torturer
should suspect that I postponed it, influenced by his menaces, he would
surely find other and perhaps more dreadful means of revenge. He had vowed
_to be with me on my wedding-night_, yet he did not consider that
threat as binding him to peace in the meantime, for as if to show me that
he was not yet satiated with blood, he had murdered Clerval immediately
after the enunciation of his threats. I resolved, therefore, that if my
immediate union with my cousin would conduce either to hers or my
father’s happiness, my adversary’s designs against my life
should not retard it a single hour.",0,,,0,,"The passage contains Elizabeth's compassionate support and emotional reassurance toward Victor. However, Victor's response is dominated by fear, anxiety, and anticipation of conflict with the Creature. The passage does not develop into emotional processing, healing, or transformative understanding.",pilot,
193,"Great God! If for one instant I had thought what might be the hellish
intention of my fiendish adversary, I would rather have banished myself
for ever from my native country and wandered a friendless outcast over
the earth than have consented to this miserable marriage. But, as if
possessed of magic powers, the monster had blinded me to his real
intentions; and when I thought that I had prepared only my own death, I
hastened that of a far dearer victim. As the period fixed for our marriage drew nearer, whether from cowardice or
a prophetic feeling, I felt my heart sink within me. But I concealed my
feelings by an appearance of hilarity that brought smiles and joy to the
countenance of my father, but hardly deceived the ever-watchful and nicer
eye of Elizabeth. She looked forward to our union with placid contentment,
not unmingled with a little fear, which past misfortunes had impressed,
that what now appeared certain and tangible happiness might soon dissipate
into an airy dream and leave no trace but deep and everlasting regret. Preparations were made for the event, congratulatory visits were received,
and all wore a smiling appearance. I shut up, as well as I could, in my own
heart the anxiety that preyed there and entered with seeming earnestness
into the plans of my father, although they might only serve as the
decorations of my tragedy. Through my father’s exertions a part of
the inheritance of Elizabeth had been restored to her by the Austrian
government. A small possession on the shores of Como belonged to her. It
was agreed that, immediately after our union, we should proceed to Villa
Lavenza and spend our first days of happiness beside the beautiful lake
near which it stood.",0,,,0,,"The passage represents intense guilt, fear, and regret following traumatic events. Although Victor reflects on his past actions, the passage presents psychological suffering rather than a process of healing, emotional processing, or transformation.",pilot,
195,"I took the hand of Elizabeth. “You are sorrowful, my love. Ah! If
you knew what I have suffered and what I may yet endure, you would
endeavour to let me taste the quiet and freedom from despair that this
one day at least permits me to enjoy.” “Be happy, my dear Victor,” replied Elizabeth; “there is, I hope,
nothing to distress you; and be assured that if a lively joy is not
painted in my face, my heart is contented. Something whispers to me
not to depend too much on the prospect that is opened before us, but I
will not listen to such a sinister voice. Observe how fast we move
along and how the clouds, which sometimes obscure and sometimes rise
above the dome of Mont Blanc, render this scene of beauty still more
interesting. Look also at the innumerable fish that are swimming in
the clear waters, where we can distinguish every pebble that lies at
the bottom. What a divine day! How happy and serene all nature
appears!” Thus Elizabeth endeavoured to divert her thoughts and mine from all
reflection upon melancholy subjects. But her temper was fluctuating;
joy for a few instants shone in her eyes, but it continually gave place
to distraction and reverie. The sun sank lower in the heavens; we passed the river Drance and
observed its path through the chasms of the higher and the glens of the
lower hills. The Alps here come closer to the lake, and we approached
the amphitheatre of mountains which forms its eastern boundary. The
spire of Evian shone under the woods that surrounded it and the range
of mountain above mountain by which it was overhung.",1,Emotional Catharsis,,3,,"The passage represents emotional disclosure and interpersonal support. Victor expresses his hidden suffering, while Elizabeth attempts to provide comfort and emotional reassurance. The interaction represents a moderate therapeutic process through emotional connection rather than complete transformation.",pilot,
199,"The report of the pistol brought a crowd into the room. I pointed to
the spot where he had disappeared, and we followed the track with
boats; nets were cast, but in vain. After passing several hours, we
returned hopeless, most of my companions believing it to have been a
form conjured up by my fancy. After having landed, they proceeded to
search the country, parties going in different directions among the
woods and vines. I attempted to accompany them and proceeded a short distance from the
house, but my head whirled round, my steps were like those of a drunken
man, I fell at last in a state of utter exhaustion; a film covered my
eyes, and my skin was parched with the heat of fever. In this state I
was carried back and placed on a bed, hardly conscious of what had
happened; my eyes wandered round the room as if to seek something that
I had lost. After an interval I arose, and as if by instinct, crawled into the room
where the corpse of my beloved lay. There were women weeping around; I
hung over it and joined my sad tears to theirs; all this time no
distinct idea presented itself to my mind, but my thoughts rambled to
various subjects, reflecting confusedly on my misfortunes and their
cause. I was bewildered, in a cloud of wonder and horror. The death
of William, the execution of Justine, the murder of Clerval, and lastly
of my wife; even at that moment I knew not that my only remaining
friends were safe from the malignity of the fiend; my father even now
might be writhing under his grasp, and Ernest might be dead at his
feet. This idea made me shudder and recalled me to action. I started
up and resolved to return to Geneva with all possible speed.",0,,,0,,"The passage represents intense physical and emotional trauma following a violent loss. Although grief and suffering are strongly expressed, the passage depicts immediate traumatic response rather than emotional processing, healing, or transformation.",pilot,
201,"I arrived at Geneva. My father and Ernest yet lived, but the former sunk
under the tidings that I bore. I see him now, excellent and venerable old
man! His eyes wandered in vacancy, for they had lost their charm and their
delight—his Elizabeth, his more than daughter, whom he doted on with
all that affection which a man feels, who in the decline of life, having
few affections, clings more earnestly to those that remain. Cursed, cursed
be the fiend that brought misery on his grey hairs and doomed him to waste
in wretchedness! He could not live under the horrors that were accumulated
around him; the springs of existence suddenly gave way; he was unable to
rise from his bed, and in a few days he died in my arms. What then became of me? I know not; I lost sensation, and chains and
darkness were the only objects that pressed upon me. Sometimes,
indeed, I dreamt that I wandered in flowery meadows and pleasant vales
with the friends of my youth, but I awoke and found myself in a
dungeon. Melancholy followed, but by degrees I gained a clear
conception of my miseries and situation and was then released from my
prison. For they had called me mad, and during many months, as I
understood, a solitary cell had been my habitation. Liberty, however, had been a useless gift to me, had I not, as I
awakened to reason, at the same time awakened to revenge. As the
memory of past misfortunes pressed upon me, I began to reflect on their
cause—the monster whom I had created, the miserable dæmon whom I had
sent abroad into the world for my destruction. I was possessed by a
maddening rage when I thought of him, and desired and ardently prayed
that I might have him within my grasp to wreak a great and signal
revenge on his cursed head.",0,,,0,sure,"Hard negative: Victor's father dies; Victor reflects on miseries, turns to revenge. Reflection + despair, no resolution.",hard_negative,reflection_despair
211,"On hearing this information I suffered a temporary access of despair.
He had escaped me, and I must commence a destructive and almost endless
journey across the mountainous ices of the ocean, amidst cold that few
of the inhabitants could long endure and which I, the native of a
genial and sunny climate, could not hope to survive. Yet at the idea
that the fiend should live and be triumphant, my rage and vengeance
returned, and like a mighty tide, overwhelmed every other feeling.
After a slight repose, during which the spirits of the dead hovered
round and instigated me to toil and revenge, I prepared for my journey. I exchanged my land-sledge for one fashioned for the inequalities of
the Frozen Ocean, and purchasing a plentiful stock of provisions, I
departed from land. I cannot guess how many days have passed since then, but I have endured
misery which nothing but the eternal sentiment of a just retribution
burning within my heart could have enabled me to support. Immense and
rugged mountains of ice often barred up my passage, and I often heard
the thunder of the ground sea, which threatened my destruction. But
again the frost came and made the paths of the sea secure. By the quantity of provision which I had consumed, I should guess that
I had passed three weeks in this journey; and the continual protraction
of hope, returning back upon the heart, often wrung bitter drops of
despondency and grief from my eyes. Despair had indeed almost secured
her prey, and I should soon have sunk beneath this misery. Once, after
the poor animals that conveyed me had with incredible toil gained the
summit of a sloping ice mountain, and one, sinking under his fatigue,
died, I viewed the expanse before me with anguish, when suddenly my eye
caught a dark speck upon the dusky plain. I strained my sight to
discover what it could be and uttered a wild cry of ecstasy when I
distinguished a sledge and the distorted proportions of a well-known
form within. Oh! With what a burning gush did hope revisit my heart!
Warm tears filled my eyes, which I hastily wiped away, that they might
not intercept the view I had of the dæmon; but still my sight was
dimmed by the burning drops, until, giving way to the emotions that
oppressed me, I wept aloud.",0,,,0,,"The passage presents Victor's despair, rage, and desire for revenge after the Creature's escape. Although it contains emotional expression and reflection on suffering, the narrative movement is toward vengeance and obsession rather than healing, acceptance, or transformative understanding.",pilot,
214,"His tale is connected and told with an appearance of the simplest truth,
yet I own to you that the letters of Felix and Safie, which he showed me,
and the apparition of the monster seen from our ship, brought to me a
greater conviction of the truth of his narrative than his asseverations,
however earnest and connected. Such a monster has, then, really existence!
I cannot doubt it, yet I am lost in surprise and admiration. Sometimes I
endeavoured to gain from Frankenstein the particulars of his
creature’s formation, but on this point he was impenetrable. “Are you mad, my friend?” said he. “Or whither does your
senseless curiosity lead you? Would you also create for yourself and the
world a demoniacal enemy? Peace, peace! Learn my miseries and do not seek
to increase your own.” Frankenstein discovered that I made notes concerning his history; he asked
to see them and then himself corrected and augmented them in many places,
but principally in giving the life and spirit to the conversations he held
with his enemy. “Since you have preserved my narration,” said
he, “I would not that a mutilated one should go down to
posterity.” Thus has a week passed away, while I have listened to the strangest
tale that ever imagination formed. My thoughts and every feeling of my
soul have been drunk up by the interest for my guest which this tale
and his own elevated and gentle manners have created. I wish to soothe
him, yet can I counsel one so infinitely miserable, so destitute of
every hope of consolation, to live? Oh, no! The only joy that he can
now know will be when he composes his shattered spirit to peace and
death. Yet he enjoys one comfort, the offspring of solitude and
delirium; he believes that when in dreams he holds converse with his
friends and derives from that communion consolation for his miseries or
excitements to his vengeance, that they are not the creations of his
fancy, but the beings themselves who visit him from the regions of a
remote world. This faith gives a solemnity to his reveries that render
them to me almost as imposing and interesting as truth.",1,Narrative Reconstruction,,3,,"The passage represents narrative reconstruction through the recording, correction, and interpretation of Frankenstein's personal history. The process of organizing traumatic experiences into a coherent narrative reflects meaning-making and preservation of personal experience.",pilot,
215,"Our conversations are not always confined to his own history and
misfortunes. On every point of general literature he displays
unbounded knowledge and a quick and piercing apprehension. His
eloquence is forcible and touching; nor can I hear him, when he relates
a pathetic incident or endeavours to move the passions of pity or love,
without tears. What a glorious creature must he have been in the days
of his prosperity, when he is thus noble and godlike in ruin! He seems
to feel his own worth and the greatness of his fall. “When younger,” said he, “I believed myself destined for
some great enterprise. My feelings are profound, but I possessed a coolness
of judgment that fitted me for illustrious achievements. This sentiment of
the worth of my nature supported me when others would have been oppressed,
for I deemed it criminal to throw away in useless grief those talents that
might be useful to my fellow creatures. When I reflected on the work I had
completed, no less a one than the creation of a sensitive and rational
animal, I could not rank myself with the herd of common projectors. But
this thought, which supported me in the commencement of my career, now
serves only to plunge me lower in the dust. All my speculations and hopes
are as nothing, and like the archangel who aspired to omnipotence, I am
chained in an eternal hell. My imagination was vivid, yet my powers of
analysis and application were intense; by the union of these qualities I
conceived the idea and executed the creation of a man. Even now I cannot
recollect without passion my reveries while the work was incomplete. I trod
heaven in my thoughts, now exulting in my powers, now burning with the idea
of their effects. From my infancy I was imbued with high hopes and a lofty
ambition; but how am I sunk! Oh! My friend, if you had known me as I once
was, you would not recognise me in this state of degradation. Despondency
rarely visited my heart; a high destiny seemed to bear me on, until I fell,
never, never again to rise.”",1,Narrative Reconstruction,,4,,"The passage represents narrative reconstruction through Victor's reflection on his former ambitions, suffering, and personal worth. His experiences are transformed into self-understanding, while emotional communication with Walton creates a meaningful interpretation of his life story.",pilot,
216,"Must I then lose this admirable being? I have longed for a friend; I have
sought one who would sympathise with and love me. Behold, on these desert
seas I have found such a one, but I fear I have gained him only to know his
value and lose him. I would reconcile him to life, but he repulses the idea. “I thank you, Walton,” he said, “for your kind intentions towards so
miserable a wretch; but when you speak of new ties and fresh
affections, think you that any can replace those who are gone? Can any
man be to me as Clerval was, or any woman another Elizabeth? Even
where the affections are not strongly moved by any superior excellence,
the companions of our childhood always possess a certain power over our
minds which hardly any later friend can obtain. They know our
infantine dispositions, which, however they may be afterwards modified,
are never eradicated; and they can judge of our actions with more
certain conclusions as to the integrity of our motives. A sister or a
brother can never, unless indeed such symptoms have been shown early,
suspect the other of fraud or false dealing, when another friend,
however strongly he may be attached, may, in spite of himself, be
contemplated with suspicion. But I enjoyed friends, dear not only
through habit and association, but from their own merits; and wherever
I am, the soothing voice of my Elizabeth and the conversation of
Clerval will be ever whispered in my ear. They are dead, and but one
feeling in such a solitude can persuade me to preserve my life. If I
were engaged in any high undertaking or design, fraught with extensive
utility to my fellow creatures, then could I live to fulfil it. But
such is not my destiny; I must pursue and destroy the being to whom I
gave existence; then my lot on earth will be fulfilled and I may die.”",0,,,0,sure,"Hard negative: Walton wants to reconcile Victor to life; Victor refuses. Support rejected, no processing.",hard_negative,support
217,"My beloved Sister, September 2d. I write to you, encompassed by peril and ignorant whether I am ever
doomed to see again dear England and the dearer friends that inhabit
it. I am surrounded by mountains of ice which admit of no escape and
threaten every moment to crush my vessel. The brave fellows whom I
have persuaded to be my companions look towards me for aid, but I have
none to bestow. There is something terribly appalling in our
situation, yet my courage and hopes do not desert me. Yet it is
terrible to reflect that the lives of all these men are endangered
through me. If we are lost, my mad schemes are the cause. And what, Margaret, will be the state of your mind? You will not hear of my
destruction, and you will anxiously await my return. Years will pass, and
you will have visitings of despair and yet be tortured by hope. Oh! My
beloved sister, the sickening failing of your heart-felt expectations is,
in prospect, more terrible to me than my own death. But you have a husband
and lovely children; you may be happy. Heaven bless you and make you so! My unfortunate guest regards me with the tenderest compassion. He
endeavours to fill me with hope and talks as if life were a possession
which he valued. He reminds me how often the same accidents have
happened to other navigators who have attempted this sea, and in spite
of myself, he fills me with cheerful auguries. Even the sailors feel
the power of his eloquence; when he speaks, they no longer despair; he
rouses their energies, and while they hear his voice they believe these
vast mountains of ice are mole-hills which will vanish before the
resolutions of man. These feelings are transitory; each day of
expectation delayed fills them with fear, and I almost dread a mutiny
caused by this despair.",1,Emotional Catharsis,,3,,"The passage represents emotional distress, self-reflection, and compassionate support. Walton experiences guilt and fear while receiving hope and reassurance.",pilot,
222,"“Yet I cannot ask you to renounce your country and friends to fulfil
this task; and now that you are returning to England, you will have
little chance of meeting with him. But the consideration of these
points, and the well balancing of what you may esteem your duties, I
leave to you; my judgment and ideas are already disturbed by the near
approach of death. I dare not ask you to do what I think right, for I
may still be misled by passion. “That he should live to be an instrument of mischief disturbs me; in
other respects, this hour, when I momentarily expect my release, is the
only happy one which I have enjoyed for several years. The forms of
the beloved dead flit before me, and I hasten to their arms. Farewell,
Walton! Seek happiness in tranquillity and avoid ambition, even if it
be only the apparently innocent one of distinguishing yourself in
science and discoveries. Yet why do I say this? I have myself been
blasted in these hopes, yet another may succeed.” His voice became fainter as he spoke, and at length, exhausted by his
effort, he sank into silence. About half an hour afterwards he
attempted again to speak but was unable; he pressed my hand feebly, and
his eyes closed for ever, while the irradiation of a gentle smile passed
away from his lips. Margaret, what comment can I make on the untimely extinction of this
glorious spirit? What can I say that will enable you to understand the
depth of my sorrow? All that I should express would be inadequate and
feeble. My tears flow; my mind is overshadowed by a cloud of
disappointment. But I journey towards England, and I may there find
consolation.",1,Narrative Reconstruction,,4,,"The passage represents narrative reconstruction as Victor reflects on his life, recognizes the consequences of ambition, and transforms personal suffering into advice for Walton. The experience is reframed into moral understanding and meaning-making.",pilot,
225,"“After the murder of Clerval I returned to Switzerland, heart-broken
and overcome. I pitied Frankenstein; my pity amounted to horror; I
abhorred myself. But when I discovered that he, the author at once of
my existence and of its unspeakable torments, dared to hope for
happiness, that while he accumulated wretchedness and despair upon me
he sought his own enjoyment in feelings and passions from the
indulgence of which I was for ever barred, then impotent envy and bitter
indignation filled me with an insatiable thirst for vengeance. I
recollected my threat and resolved that it should be accomplished. I
knew that I was preparing for myself a deadly torture, but I was the
slave, not the master, of an impulse which I detested yet could not
disobey. Yet when she died! Nay, then I was not miserable. I had
cast off all feeling, subdued all anguish, to riot in the excess of my
despair. Evil thenceforth became my good. Urged thus far, I had no
choice but to adapt my nature to an element which I had willingly
chosen. The completion of my demoniacal design became an insatiable
passion. And now it is ended; there is my last victim!” I was at first touched by the expressions of his misery; yet, when I called
to mind what Frankenstein had said of his powers of eloquence and
persuasion, and when I again cast my eyes on the lifeless form of my
friend, indignation was rekindled within me. “Wretch!” I said.
“It is well that you come here to whine over the desolation that you
have made. You throw a torch into a pile of buildings, and when they are
consumed, you sit among the ruins and lament the fall. Hypocritical fiend!
If he whom you mourn still lived, still would he be the object, again would
he become the prey, of your accursed vengeance. It is not pity that you
feel; you lament only because the victim of your malignity is withdrawn
from your power.”",0,,,0,sure,"Hard negative: Creature's remorse and self-abhorrence. Reflection + despair, no resolution.",hard_negative,reflection_despair
226,"“Oh, it is not thus—not thus,” interrupted the being.
“Yet such must be the impression conveyed to you by what appears to
be the purport of my actions. Yet I seek not a fellow feeling in my misery.
No sympathy may I ever find. When I first sought it, it was the love of
virtue, the feelings of happiness and affection with which my whole being
overflowed, that I wished to be participated. But now that virtue has
become to me a shadow, and that happiness and affection are turned into
bitter and loathing despair, in what should I seek for sympathy? I am
content to suffer alone while my sufferings shall endure; when I die, I am
well satisfied that abhorrence and opprobrium should load my memory. Once
my fancy was soothed with dreams of virtue, of fame, and of enjoyment. Once
I falsely hoped to meet with beings who, pardoning my outward form, would
love me for the excellent qualities which I was capable of unfolding. I was
nourished with high thoughts of honour and devotion. But now crime has
degraded me beneath the meanest animal. No guilt, no mischief, no
malignity, no misery, can be found comparable to mine. When I run over the
frightful catalogue of my sins, I cannot believe that I am the same
creature whose thoughts were once filled with sublime and transcendent
visions of the beauty and the majesty of goodness. But it is even so; the
fallen angel becomes a malignant devil. Yet even that enemy of God and man
had friends and associates in his desolation; I am alone.",1,Narrative Reconstruction,,4,,"The passage represents narrative reconstruction through the Creature's reflection on his past hopes, emotional suffering, and transformation of identity. Although he remains isolated and despairing, the passage demonstrates meaningful self-examination and an attempt to understand his experience.",pilot,
